DateTime,Quad Color,Wire Pair,Temp [C],Humidity ,Loop Resistance [kohms],ADC Threshold,ADC Threshold 2,Loop Resistance 2 [kohms]
2024-08-14 08:10:00,Pink,WP0,32,30.0,0.151632,0x0054,,0.152045
2024-08-14 08:10:00,Pink,WP1,32,30.0,0.151878,0x0053,,0.152292
2024-08-14 08:10:00,White,WP0,32,30.0,0.155803,,,0.156218
2024-08-14 08:10:00,White,WP1,32,30.0,0.155879,,,0.156295
2024-08-14 08:10:00,Brown,WP0,32,30.0,0.153855,0x004e,,0.154261
2024-08-14 08:10:00,Brown,WP1,32,30.0,0.15418,0x004e,,0.154589
2024-08-14 16:38:00,Pink,WP0,34,28.0,0.152213,0x0053,0x0053,0.154448
2024-08-14 16:38:00,Pink,WP1,34,28.0,0.152458,0x0053,0x0051,0.154771
2024-08-14 16:38:00,White,WP0,34,28.0,0.156466,0x003c,0x003c,0.156483
2024-08-14 16:38:00,White,WP1,34,28.0,0.15639,0x003c,0x003c,0.156407
2024-08-14 16:38:00,Brown,WP0,34,28.0,0.154431,0x004d,0x004d,0.154453
2024-08-14 16:38:00,Brown,WP1,34,28.0,0.154758,0x004e,0x004e,0.15478
2024-08-15 08:53:00,Pink,WP0,31,30.0,0.152144,0x0055,0x0056,0.152187
2024-08-15 08:53:00,Pink,WP1,31,30.0,0.152392,0x0057,0x0056,0.152433
2024-08-15 08:53:00,White,WP0,31,30.0,0.156332,0x0043,0x0043,0.156369
2024-08-15 08:53:00,White,WP1,31,30.0,0.156407,0x0042,0x0043,0.156447
2024-08-15 08:53:00,Brown,WP0,31,30.0,0.154365,0x0052,0x0052,0.154408
2024-08-15 08:53:00,Brown,WP1,31,30.0,0.154685,0x0052,0x0051,0.154734
2024-08-15 16:14:00,Pink,WP0,34,26.0,0.152477,0x0057,0x0057,0.152496
2024-08-15 16:14:00,Pink,WP1,34,26.0,0.152724,0x0056,0x0057,0.152742
2024-08-15 16:14:00,White,WP0,34,26.0,0.156655,0x0043,0x0043,0.15669
2024-08-15 16:14:00,White,WP1,34,26.0,0.156735,0x0044,0x0044,0.156766
2024-08-15 16:14:00,Brown,WP0,34,26.0,0.154702,0x0053,0x0053,0.154719
2024-08-15 16:14:00,Brown,WP1,34,26.0,0.155029,0x0052,0x0052,0.15506
2024-08-13 08:41:00,Pink,WP0,24,,0.149314,,,
2024-08-13 08:41:00,Pink,WP1,24,,0.149074,,,
2024-08-13 08:41:00,White,WP0,24,,0.153229,,,
2024-08-13 08:41:00,White,WP1,24,,0.153151,,,
2024-08-13 08:41:00,Brown,WP0,24,,0.151554,,,
2024-08-13 08:41:00,Brown,WP1,24,,0.151237,,,
2024-08-13 11:00:00,Pink,WP0,28,38.0,0.149691,0x0058,,
2024-08-13 11:00:00,Pink,WP1,28,38.0,0.14945,0x005a,,
2024-08-13 11:00:00,White,WP0,28,38.0,0.153558,0x0049,,
2024-08-13 11:00:00,White,WP1,28,38.0,0.153635,0x0049,,
2024-08-13 11:00:00,Brown,WP0,28,38.0,0.151958,0x0055,,
2024-08-13 11:00:00,Brown,WP1,28,38.0,0.151634,0x0054,,
2024-08-13 15:29:00,Pink,WP0,30,,0.150185,,,
2024-08-13 15:29:00,Pink,WP1,30,,0.150431,,,
2024-08-13 15:29:00,White,WP0,30,,0.154313,,,
2024-08-13 15:29:00,White,WP1,30,,0.154394,,,
2024-08-13 15:29:00,Brown,WP0,30,,0.152398,,,
2024-08-13 15:29:00,Brown,WP1,30,,0.15272,,,
2024-08-13 05:05:00,Pink,WP0,31,33.0,0.15041,0x0056,,0.150455
2024-08-13 05:05:00,Pink,WP1,31,33.0,0.150655,0x0055,,0.1507
2024-08-13 05:05:00,White,WP0,31,33.0,0.154528,0x0043,,0.154574
2024-08-13 05:05:00,White,WP1,31,33.0,0.154604,0x0043,,0.15465
2024-08-13 05:05:00,Brown,WP0,31,33.0,0.152587,0x0052,,0.152648
2024-08-13 05:05:00,Brown,WP1,31,33.0,0.152914,0x0051,,0.15297
2024-08-12 12:03:00,Pink,WP0,25,44.0,0.14828,0x005e,,
2024-08-12 12:03:00,Pink,WP1,25,44.0,0.148503,0x005c,,
2024-08-12 14:11:00,White,WP0,24,44.0,0.152532,0x004d,,
2024-08-12 14:11:00,Brown,WP0,24,44.0,0.150496,0x0058,,
2024-08-12 14:11:00,Brown,WP1,24,44.0,0.150805,0x0058,,
2024-08-12 17:45:00,Pink,WP0,28,38.0,0.149006,0x005a,,
2024-08-12 17:46:00,Pink,WP1,28,38.0,0.14925,0x005a,,
2024-08-12 17:37:00,White,WP0,28,38.0,0.153049,0x004a,,
2024-08-12 17:38:00,White,WP1,28,38.0,0.153131,0x004a,,
2024-08-12 17:41:00,Brown,WP0,28,38.0,0.151159,0x0056,,
2024-08-12 17:42:00,Brown,WP1,28,38.0,0.151486,0x0056,,
2024-08-16 08:42:00,Pink,WP0,32,28.0,0.152655,0x005a,0x0059,0.152663
2024-08-16 08:42:00,Pink,WP1,32,28.0,0.152904,0x005a,0x005a,0.152909
2024-08-16 08:42:00,White,WP0,32,28.0,0.156854,0x0049,0x0049,0.156864
2024-08-16 08:42:00,White,WP1,32,28.0,0.156932,0x004a,0x0049,0.156941
2024-08-16 08:42:00,Brown,WP0,32,28.0,0.154893,0x0056,0x0055,0.154902
2024-08-16 08:42:00,Brown,WP1,32,28.0,0.15522,0x0056,0x0056,0.155229
2024-08-16 16:41:00,Pink,WP0,34,26.0,0.15291,0x005a,0x005a,0.15293
2024-08-16 16:41:00,Pink,WP1,34,26.0,0.153157,0x005a,0x005a,0.153177
2024-08-16 16:41:00,White,WP0,34,26.0,0.157109,0x004b,0x004b,0.15713
2024-08-16 16:41:00,White,WP1,34,26.0,0.157188,0x004b,0x004b,0.157208
2024-08-16 16:41:00,Brown,WP0,34,26.0,0.15514,0x0058,0x0057,0.155163
2024-08-16 16:41:00,Brown,WP1,34,26.0,0.155468,0x0056,0x0056,0.155491
2024-08-19 08:41:00,Pink,WP0,32,29.0,0.152363,0x0068,0x0068,0.152367
2024-08-19 08:41:00,Pink,WP1,32,29.0,0.15261,0x0068,0x0068,0.152613
2024-08-19 08:41:00,White,WP0,32,29.0,0.15654,0x005b,0x005b,0.156556
2024-08-19 08:41:00,White,WP1,32,29.0,0.156616,0x005b,0x005a,0.156633
2024-08-19 08:41:00,Brown,WP0,32,29.0,0.154591,0x0063,0x0063,0.1546
2024-08-19 08:41:00,Brown,WP1,32,29.0,0.154918,0x0064,0x0064,0.154928
2024-08-19 16:45:00,Pink,WP0,33,25.0,0.152639,0x005a,0x005a,0.152653
2024-08-19 16:45:00,Pink,WP1,33,25.0,0.152887,0x005b,0x005b,0.1529
2024-08-19 16:45:00,White,WP0,33,25.0,0.156834,0x0050,0x0050,0.156844
2024-08-19 16:45:00,White,WP1,33,25.0,0.156911,0x004f,0x004e,0.156923
2024-08-19 16:45:00,Brown,WP0,33,25.0,0.154869,0x0058,0x0056,0.154877
2024-08-19 16:45:00,Brown,WP1,33,25.0,0.155196,0x0056,0x0058,0.155203
2024-08-20 10:16:00,Pink,WP0,32,25.0,0.15274, 0x0067,0x0069,0.152741
2024-08-20 10:16:00,Pink,WP1,32,25.0,0.152975,0x005c, 0x005b,0.152995
2024-08-20 10:16:00,White,WP0,32,25.0,0.156926, 0x0052,0x0050,0.156941
2024-08-20 10:16:00,White,WP1,32,25.0,0.157009, 0x0052,0x0051,0.15702
2024-08-20 10:16:00,Brown,WP0,32,25.0,0.154966,0x0058,0x0058,0.154975
2024-08-20 10:16:00,Brown,WP1,32,25.0,0.155291, 0x0059, 0x0059,0.155318
2024-08-20 17:46:00,Pink,WP0,33,23.0,0.15281,0x0068,0x006a,0.152821
2024-08-20 17:46:00,Pink,WP1,33,23.0,0.153056,0x0067,0x006a,0.153072
2024-08-20 17:46:00,White,WP0,33,23.0,0.157013, 0x005c,0x005b,0.157023
2024-08-20 17:46:00,White,WP1,33,23.0,0.15709, 0x005b, 0x005d,0.1571
2024-08-20 17:46:00,Brown,WP0,33,23.0,0.155045,0x0064,0x0065,0.155059
2024-08-20 17:46:00,Brown,WP1,33,23.0,0.155372,0x0064, 0x0064,0.155388
2024-08-21 09:11:00,Pink,WP0,32,26.0,0.152904,0x006a,0x006b,0.152911
2024-08-21 09:11:00,Pink,WP1,32,26.0,0.153152,0x005e,0x005e,0.153159
2024-08-21 09:11:00,White,WP0,32,26.0,0.157109,0x005e,0x005e,0.157115
2024-08-21 09:11:00,White,WP1,32,26.0,0.157188,0x0053,0x0054,0.157192
2024-08-21 09:11:00,Brown,WP0,32,26.0,0.155142,0x005a,0x005a,0.15515
2024-08-21 09:11:00,Brown,WP1,32,26.0,0.155469,0x005a,0x005a,0.155471
2024-08-21 16:17:00,Pink,WP0,33,23.0,0.153057,0x006a,0x006b,0.153308
2024-08-21 16:17:00,Pink,WP1,33,23.0,0.153396,0x005f,0x005e,0.153061
2024-08-21 16:17:00,White,WP0,33,23.0,0.15727,0x005f,0x005e,0.157274
2024-08-21 16:17:00,White,WP1,33,23.0,0.157344,0x0054,0x0053,0.157354
2024-08-21 16:17:00,Brown,WP0,33,23.0,0.155294,0x0066,0x0066,0.155308
2024-08-21 16:17:00,Brown,WP1,33,23.0,0.155621,0x005a,0x005a,0.155637
2024-08-22 08:50:00,Pink,WP0,33,24.0,0.153174,0x006c,0x006c,0.153178
2024-08-22 08:50:00,Pink,WP1,33,24.0,0.153421,0x0060,0x0060,0.153426
2024-08-22 08:50:00,White,WP0,33,24.0,0.157385,0x0060,0x0060,0.157388
2024-08-22 08:50:00,White,WP1,33,24.0,0.157462,0x0055,0x0055,0.157463
2024-08-22 08:50:00,Brown,WP0,33,24.0,0.155416,0x0068,0x0067,0.155414
2024-08-22 08:50:00,Brown,WP1,33,24.0,0.15574,0x005b,0x005b,0.155741
2024-08-22 16:20:00,Pink,WP0,33,24.0,0.153184,0x006c,0x006c,0.153184
2024-08-22 16:20:00,Pink,WP1,33,24.0,0.15343,0x0060,0x0060,0.15343
2024-08-22 16:20:00,White,WP0,33,24.0,0.157397,0x0061,0x0060,0.157395
2024-08-22 16:20:00,White,WP1,33,24.0,0.157478,0x0056,0x0056,0.157476
2024-08-22 16:20:00,Brown,WP0,33,24.0,0.155426,0x0066,0x0068,0.155425
2024-08-22 16:20:00,Brown,WP1,33,24.0,0.155753,0x005a,0x005d,0.155754
2024-08-23 08:56:00,Pink,WP0,33,24.0,0.153242,0x006e,0x006c,0.153237
2024-08-23 08:56:00,Pink,WP1,33,24.0,0.153488,0x0062,0x0061,0.153489
2024-08-23 08:56:00,White,WP0,33,24.0,0.157456,0x0062,0x0062,0.157448
2024-08-23 08:56:00,White,WP1,33,24.0,0.157533,0x0056,0x0056,0.157528
2024-08-23 08:56:00,Brown,WP0,33,24.0,0.155479,0x005b,0x005c,0.15548
2024-08-23 08:56:00,Brown,WP1,33,24.0,0.155805,0x005d,0x005d,0.155806
2024-08-23 16:17:00,Pink,WP0,33,24.0,0.153244,0x006e,0x006e,0.15324
2024-08-23 16:17:00,Pink,WP1,33,24.0,0.153488,0x0061,0x0061,0.153485
2024-08-23 16:17:00,White,WP0,33,24.0,0.157457,0x0061,0x0063,0.157458
2024-08-23 16:17:00,White,WP1,33,24.0,0.157537,0x0057,0x0057,0.157532
2024-08-23 16:17:00,Brown,WP0,33,24.0,0.155487,0x0067,0x0069,0.15548
2024-08-23 16:17:00,Brown,WP1,33,24.0,0.155813,0x005d,0x005e,0.15581
2024-08-26 08:37:00,Pink,WP0,33,25.0,0.153344,0x0070,0x006f,0.15334
2024-08-26 08:37:00,Pink,WP1,33,25.0,0.153594,0x0063,0x0063,0.153594
2024-08-26 08:37:00,White,WP0,33,25.0,0.157559,0x0064,0x0065,0.157556
2024-08-26 08:37:00,White,WP1,33,25.0,0.157641,0x005a,0x0059,0.157636
2024-08-26 08:37:00,Brown,WP0,33,25.0,0.155589,0x006b,0x006b,0.155586
2024-08-26 08:37:00,Brown,WP1,33,25.0,0.155915,0x005e,0x005f,0.155912
2024-08-26 16:45:00,Pink,WP0,33,27.0,0.15334,0x006e,0x006e,0.153362
2024-08-26 16:45:00,Pink,WP1,33,27.0,0.153593,0x0062,0x0063,0.15364
2024-08-26 16:45:00,White,WP0,33,27.0,0.15757,0x0066,0x0065,0.15755
2024-08-26 16:45:00,White,WP1,33,27.0,0.157656,0x005a,0x005a,0.15764
2024-08-26 16:45:00,Brown,WP0,33,27.0,0.155587,0x006b,0x006b,0.155606
2024-08-26 16:45:00,Brown,WP1,33,27.0,0.155902,0x0060,0x005f,0.15593
2024-08-27 08:57:00,Pink,WP0,33,25.0,0.15339,0x0070,0x006f,0.153393
2024-08-27 08:57:00,Pink,WP1,33,25.0,0.153674,0x0063,0x0063,0.153656
2024-08-27 08:57:00,White,WP0,33,25.0,0.157593,0x0064,0x0064,0.15761
2024-08-27 08:57:00,White,WP1,33,25.0,0.157696,0x005a,0x005a,0.157698
2024-08-27 08:57:00,Brown,WP0,33,25.0,0.155634,0x006b,0x006b,0.15563
2024-08-27 08:57:00,Brown,WP1,33,25.0,0.15597,0x005d,0x005e,0.155959
2024-08-27 16:30:00,Pink,WP0,34,31.0,0.153453,0x006f,0x0070,0.153303
2024-08-27 16:30:00,Pink,WP1,34,31.0,0.153711,0x0063,0x0064,0.153705
2024-08-27 16:30:00,White,WP0,34,31.0,0.157712,0x0066,0x0065,0.157709
2024-08-27 16:30:00,White,WP1,34,31.0,0.157727,0x005a,0x005a,0.157785
2024-08-27 16:30:00,Brown,WP0,34,31.0,0.155707,0x006b,0x006b,0.155748
2024-08-27 16:30:00,Brown,WP1,34,31.0,0.156036,0x005e,0x005d,0.156069
2024-08-28 10:44:00,Pink,WP0,34,26.0,0.153435,0x0070,0x006f,0.153441
2024-08-28 10:44:00,Pink,WP1,34,26.0,0.153683,0x0063,0x0063,0.153688
2024-08-28 10:44:00,White,WP0,34,26.0,0.157658,0x0066,0x0066,0.157664
2024-08-28 10:44:00,White,WP1,34,26.0,0.157732,0x005a,0x005a,0.157741
2024-08-28 10:44:00,Brown,WP0,34,26.0,0.155679,0x006c,0x006c,0.155683
2024-08-28 10:44:00,Brown,WP1,34,26.0,0.156007,0x005f,0x005f,0.156012
2024-08-28 16:45:00,Pink,WP0,34,30.0,0.153415,0x0070,0x0070,0.15349
2024-08-28 16:45:00,Pink,WP1,34,30.0,0.153685,0x0062,0x0063,0.15371
2024-08-28 16:45:00,White,WP0,34,30.0,0.157642,0x0066,0x0066,0.15768
2024-08-28 16:45:00,White,WP1,34,30.0,0.157743,0x005a,0x005a,0.157758
2024-08-28 16:45:00,Brown,WP0,34,30.0,0.155698,0x006c,0x006c,0.156046
2024-08-28 16:45:00,Brown,WP1,34,30.0,0.156009,0x005d,0x005d,0.156026
2024-08-29 16:40:00,Pink,WP0,33,25.0,0.153313,0x0070,0x0071,0.153376
2024-08-29 16:40:00,Pink,WP1,33,25.0,0.153602,0x0063,0x0063,0.153612
2024-08-29 16:40:00,White,WP0,33,25.0,0.157536,0x0066,0x0066,0.157565
2024-08-29 16:40:00,White,WP1,33,25.0,0.157625,0x005a,0x005a,0.157643
2024-08-29 16:40:00,Brown,WP0,33,25.0,0.155565,0x006c,0x006c,0.15563
2024-08-29 16:40:00,Brown,WP1,33,25.0,0.155911,0x005f,0x005e,0.15593
2024-08-30 17:10:00,Pink,WP0,33,29.0,0.153372,0x0071,0x0071,0.153347
2024-08-30 17:10:00,Pink,WP1,33,29.0,0.153612,0x0063,0x0062,0.153602
2024-08-30 17:10:00,White,WP0,33,29.0,0.157544,0x005b,0x0067,0.157575
2024-08-30 17:10:00,White,WP1,33,29.0,0.157696,0x005b,0x005a,0.157682
2024-08-30 17:10:00,Brown,WP0,33,29.0,0.155901,0x006c,0x006c,0.155627
2024-08-30 17:10:00,Brown,WP1,33,29.0,0.155951,0x0060,0x005f,0.155975
2024-09-03 09:41:00,Pink,WP0,31,23.0,0.152546,0x0073,0x0071,0.152563
2024-09-03 09:41:00,Pink,WP1,31,23.0,0.152786,0x0072,0x0073,0.152805
2024-09-03 09:41:00,White,WP0,31,23.0,0.156735,0x006b,0x006b,0.156774
2024-09-03 09:41:00,White,WP1,31,23.0,0.156809,0x006a,0x006b,0.156833
2024-09-03 09:41:00,Brown,WP0,31,23.0,0.154772,0x006e,0x006f,0.154796
2024-09-03 09:41:00,Brown,WP1,31,23.0,0.155098,0x006d,0x006f,0.155118
2024-09-03 16:10:00,Pink,WP0,33,20.0,0.152852,0x0071,0x0072,0.152818
2024-09-03 16:10:00,Pink,WP1,33,20.0,0.153091,0x0064,0x0066,0.153065
2024-09-03 16:10:00,White,WP0,33,20.0,0.157065,0x006b,0x006b,0.157056
2024-09-03 16:10:00,White,WP1,33,20.0,0.157112,0x005c,0x005e,0.157104
2024-09-03 16:10:00,Brown,WP0,33,20.0,0.155028,0x006f,0x006f,0.155039
2024-09-03 16:10:00,Brown,WP1,33,20.0,0.15537,0x0061,0x0061,0.155378
2024-09-04 09:28:00,Pink,WP0,33,24.0,0.1531887,0x0064,0x0064,0.153198
2024-09-04 09:28:00,Pink,WP1,33,24.0,0.153432,0x0063,0x0064,0.15345
2024-09-04 09:28:00,White,WP0,33,24.0,0.157401,0x005e,0x005f,0.157413
2024-09-04 09:28:00,White,WP1,33,24.0,0.157481,0x005c,0x005e,0.157493
2024-09-04 09:28:00,Brown,WP0,33,24.0,0.155425,0x0061,0x0061,0.155438
2024-09-04 09:28:00,Brown,WP1,33,24.0,0.155763,0x0062,0x0062,0.155767
2024-09-04 16:00:00,Pink,WP0,32,23.0,0.153225,0x0063,0x0071,0.153493
2024-09-04 16:00:00,Pink,WP1,32,23.0,0.153506,0x0066,0x0066,0.153226
2024-09-04 16:00:00,White,WP0,32,23.0,0.157458,0x006a,0x006a,0.157475
2024-09-04 16:00:00,White,WP1,32,23.0,0.15754,0x005e,0x005e,0.157546
2024-09-04 16:00:00,Brown,WP0,32,23.0,0.155498,0x006d,0x006d,0.155498
2024-09-04 16:00:00,Brown,WP1,32,23.0,0.155819,0x0061,0x0061,0.155826
2024-09-05 10:43:00,Pink,WP0,32,26.0,0.153278,0x0073,0x0073,0.153314
2024-09-05 10:43:00,Pink,WP1,32,26.0,0.153518,0x0064,0x0066,0.153562
2024-09-05 10:43:00,White,WP0,32,26.0,0.157485,0x0068,0x0069,0.157521
2024-09-05 10:43:00,White,WP1,32,26.0,0.157566,0x005f,0x005e,0.157605
2024-09-05 10:43:00,Brown,WP0,32,26.0,0.155513,0x006d,0x006c,0.155546
2024-09-05 10:43:00,Brown,WP1,32,26.0,0.15585,0x0061,0x0062,0.155879
2024-09-05 16:24:00,Pink,WP0,32,26.0,0.15328,0x0073,0x0073,0.153297
2024-09-05 16:24:00,Pink,WP1,32,26.0,0.153525,0x0063,0x0066,0
2024-09-05 16:24:00,White,WP0,32,26.0,0.157489,0x0067,0x006a,0.1575
2024-09-05 16:24:00,White,WP1,32,26.0,0.157569,0x005e,0x005e,0.157573
2024-09-05 16:24:00,Brown,WP0,32,26.0,0.155509,0x006e,0x006d,0.155527
2024-09-05 16:24:00,Brown,WP1,32,26.0,0.155845,0x0062,0x0062,0.155852
2024-09-06 10:41:00,Pink,WP0,33,26.0,0.153387,0x0073,0x0072,0.153409
2024-09-06 10:41:00,Pink,WP1,33,26.0,0.153624,0x0064,0x0064,0.153642
2024-09-06 10:41:00,White,WP0,33,26.0,0.157604,0x0068,0x0067,0.157625
2024-09-06 10:41:00,White,WP1,33,26.0,0.157684,0x005d,0x005e,0.157702
2024-09-06 10:41:00,Brown,WP0,33,26.0,0.155631,0x006f,0x006c,0.15565
2024-09-06 10:41:00,Brown,WP1,33,26.0,0.155963,0x0062,0x0060,0.155983
2024-09-06 16:00:00,Pink,WP0,32,26.0,0.153456,0x0072,0x0071,0.153408
2024-09-06 16:00:00,Pink,WP1,32,26.0,0.153695,0x0066,0x0065,0.153688
2024-09-06 16:00:00,White,WP0,32,26.0,0.157686,0x0069,0x006a,0.157615
2024-09-06 16:00:00,White,WP1,32,26.0,0.157745,0x005e,0x005e,0.157673
2024-09-06 16:00:00,Brown,WP0,32,26.0,0.155704,0x0061,0x006e,0.155692
2024-09-06 16:00:00,Brown,WP1,32,26.0,0.15599,0x0061,0x0061,0.15596
2024-09-09 10:22:00,Pink,WP0,32,25.0,0.153413,0x0073,0x0073,0.153434
2024-09-09 10:22:00,Pink,WP1,32,25.0,0.153658,0x0065,0x0065,0.153667
2024-09-09 10:22:00,White,WP0,32,25.0,0.157633,0x006a,0x006b,0.157637
2024-09-09 10:22:00,White,WP1,32,25.0,0.157712,0x005f,0x005f,0.157715
2024-09-09 10:22:00,Brown,WP0,32,25.0,0.155653,0x006d,0x006f,0.155677
2024-09-09 10:22:00,Brown,WP1,32,25.0,0.155988,0x0061,0x0061,0.155986
2024-09-09 16:00:00,Pink,WP0,32,26.0,0.153373,0x0073,0x0073,0.153402
2024-09-09 16:00:00,Pink,WP1,32,26.0,0.15364,0x0066,0x0066,0.153656
2024-09-09 16:00:00,White,WP0,32,26.0,0.157618,0x006c,0x006c,0.157612
2024-09-09 16:00:00,White,WP1,32,26.0,0.157693,0x005f,0x005e,0.157684
2024-09-09 16:00:00,Brown,WP0,32,26.0,0.155642,0x006e,0x006f,0.155673
2024-09-09 16:00:00,Brown,WP1,32,26.0,0.155962,0x0062,0x0061,0.155985
2024-09-10 10:11:00,Pink,WP0,30,30.0,0.153579,0x0064,0x0065,0.153577
2024-09-10 10:11:00,Pink,WP1,30,30.0,0.153809,0x0066,0x0064,0.153814
2024-09-10 10:11:00,White,WP0,30,30.0,0.157787,0x005f,0x0060,0.157794
2024-09-10 10:11:00,White,WP1,30,30.0,0.157871,0x005e,0x005f,0.157864
2024-09-10 10:11:00,Brown,WP0,30,30.0,0.155811,0x0062,0x0062,0.155817
2024-09-10 10:11:00,Brown,WP1,30,30.0,0.156143,0x0062,0x0061,0.156137
2024-09-10 16:00:00,Pink,WP0,32,25.0,,0x0064,0x0073,0.153555
2024-09-10 16:00:00,Pink,WP1,32,25.0,0.153772,0x0064,0x0064,0.153768
2024-09-10 16:00:00,White,WP0,32,25.0,0.157721,0x006b,0x006c,0.157725
2024-09-10 16:00:00,White,WP1,32,25.0,0.157809,0x005f,0x005f,0.157858
2024-09-10 16:00:00,Brown,WP0,32,25.0,0.155765,0x006e,0x006e,0.155734
2024-09-10 16:00:00,Brown,WP1,32,25.0,0.156095,0x0062,0x0062,0.156102
2024-09-11 09:25:00,Pink,WP0,33,25.0,0.153573,0x006b,0x006a,0.15358
2024-09-11 09:25:00,Pink,WP1,33,25.0,0.153826,0x006b,0x006c,0.153833
2024-09-11 09:25:00,White,WP0,33,25.0,0.157805,0x0063,0x0063,0.157817
2024-09-11 09:25:00,White,WP1,33,25.0,0.157883,0x0063,0x0063,0.157884
2024-09-11 09:25:00,Brown,WP0,33,25.0,0.155829,0x0066,0x0067,0.155848
2024-09-11 09:25:00,Brown,WP1,33,25.0,0.156149,0x0067,0x0066,0.156152
2024-09-11 16:00:00,Pink,WP0,33,24.0,,0x005f,0x006a,0.153588
2024-09-11 16:00:00,Pink,WP1,33,24.0,0.153812,0x005f,0x005f,0.153778
2024-09-11 16:00:00,White,WP0,33,24.0,0.157764,0x0063,0x0063,0.157778
2024-09-11 16:00:00,White,WP1,33,24.0,0.157858,0x0059,0x0059,0.15742
2024-09-11 16:00:00,Brown,WP0,33,24.0,0.155798,0x0067,0x0067,0.155818
2024-09-11 16:00:00,Brown,WP1,33,24.0,0.156176,0x005c,0x005b,0.156116
2024-09-12 12:00:00,Pink,WP0,33,24.0,0.153661,0x006a,0x006b,0.153651
2024-09-12 12:00:00,Pink,WP1,33,24.0,0.153918,0x0066,0x0064,0.1539
2024-09-12 12:00:00,White,WP0,33,24.0,0.157889,0x0063,0x0063,0.157905
2024-09-12 12:00:00,White,WP1,33,24.0,0.157971,0x005f,0x005f,0.157983
2024-09-12 12:00:00,Brown,WP0,33,24.0,0.155924,0x0066,0x0067,0.155923
2024-09-12 12:00:00,Brown,WP1,33,24.0,0.156228,0x0062,0x0062,0.156257
2024-09-12 16:45:00,Pink,WP0,33,24.0,,0x006b,0x006a,0.15353
2024-09-12 16:45:00,Pink,WP1,33,24.0,0.153776,0x005f,0x005f,0.153801
2024-09-12 16:45:00,White,WP0,33,24.0,0.157768,0x0065,0x0063,0.157761
2024-09-12 16:45:00,White,WP1,33,24.0,0.157858,0x0059,0x0059,0.157818
2024-09-12 16:45:00,Brown,WP0,33,24.0,0.15577,0x0066,0x0066,0.155772
2024-09-12 16:45:00,Brown,WP1,33,24.0,0.156155,0x005b,0x005a,0.15611
2024-09-13 09:35:00,Pink,WP0,33,24.0,0.153605,0x005e,0x0060,0.153623
2024-09-13 09:35:00,Pink,WP1,33,24.0,0.153859,0x005e,0x005d,0.153846
2024-09-13 09:35:00,White,WP0,33,24.0,0.157823,0x0059,0x0058,0.15784
2024-09-13 09:35:00,White,WP1,33,24.0,0.157899,0x005a,0x0059,0.157902
2024-09-13 09:35:00,Brown,WP0,33,24.0,0.155846,0x005c,0x005b,0.155864
2024-09-13 09:35:00,Brown,WP1,33,24.0,0.156174,0x005c,0x005b,0.156172
2024-09-13 16:00:00,Pink,WP0,33,24.0,,0x005f,0x006c,0.153656
2024-09-13 16:00:00,Pink,WP1,33,24.0,0.153694,0x005e,0x005f,0.153686
2024-09-13 16:00:00,White,WP0,33,24.0,0.157616,0x0064,0x0064,0.15763
2024-09-13 16:00:00,White,WP1,33,24.0,0.157757,0x0057,0x0057,0.157725
2024-09-13 16:00:00,Brown,WP0,33,24.0,0.155664,0x0066,0x0065,0.15567
2024-09-13 16:00:00,Brown,WP1,33,24.0,0.155972,0x005b,0x005b,0.155982
2024-09-16 10:25:00,Pink,WP0,33,24.0,0.153415,0x006b,0x006b,0.153425
2024-09-16 10:25:00,Pink,WP1,33,24.0,0.153676,0x0060,0x005f,0.153674
2024-09-16 10:25:00,White,WP0,33,24.0,0.157655,0x0063,0x0064,0.157655
2024-09-16 10:25:00,White,WP1,33,24.0,0.157721,0x0058,0x005a,0.157725
2024-09-16 10:25:00,Brown,WP0,33,24.0,0.155666,0x0067,0x0066,0.155691
2024-09-16 10:25:00,Brown,WP1,33,24.0,0.155985,0x005c,0x005b,0.156004
2024-09-16 16:00:00,Pink,WP0,32,24.0,,0x0067,0x0069,0.153416
2024-09-16 16:00:00,Pink,WP1,32,24.0,0.153672,0x005d,0x005e,
2024-09-16 16:00:00,White,WP0,32,24.0,0.157632,0x0061,0x0061,0.157602
2024-09-16 16:00:00,White,WP1,32,24.0,0.157727,0x0057,0x0056,0.157722
2024-09-16 16:00:00,Brown,WP0,32,24.0,0.155674,0x0062,0x0064,0.155634
2024-09-16 16:00:00,Brown,WP1,32,24.0,0.15603,0x005a,0x0059,0.155375
2024-09-17 16:00:00,Pink,WP0,32,23.0,,0x0073,0x0074,0.152838
2024-09-17 16:00:00,Pink,WP1,32,23.0,0.153096,0x005e,0x005d,0.153086
2024-09-17 16:00:00,White,WP0,32,23.0,0.157059,0x0057,0x006c,0.156996
2024-09-17 16:00:00,White,WP1,32,23.0,0.157128,0x0057,0x0057,0.157128
2024-09-17 16:00:00,Brown,WP0,32,23.0,0.155098,0x006f,0x006f,0.155092
2024-09-17 16:00:00,Brown,WP1,32,23.0,0.155442,0x005a,0x0059,0.155375
2024-09-18 10:37:00,Pink,WP0,33,24.0,0.152889,0x005d,0x005e,
2024-09-18 10:37:00,Pink,WP1,33,24.0,0.153133,0x005c,0x005e,
2024-09-18 10:37:00,White,WP0,33,24.0,0.157114,0x0056,0x0057,
2024-09-18 10:37:00,White,WP1,33,24.0,0.157238,0x0058,0x0057,
2024-09-18 10:37:00,Brown,WP0,33,24.0,0.155123,0x005a,0x005a,
2024-09-18 10:37:00,Brown,WP1,33,24.0,0.155509,0x005a,0x005a,
2024-09-18 16:00:00,Pink,WP0,32,24.0,,0x0069,0x006a,0.152883
2024-09-18 16:00:00,Pink,WP1,32,24.0,0.153129,0x005f,0x005f,
2024-09-18 16:00:00,White,WP0,32,24.0,0.15706,0x0060,0x0062,0.157104
2024-09-18 16:00:00,White,WP1,32,24.0,0.157152,0x0057,0x0056,0.157172
2024-09-18 16:00:00,Brown,WP0,32,24.0,0.155112,0x0064,0x0063,0.155083
2024-09-18 16:00:00,Brown,WP1,32,24.0,0.155459,0x005a,0x005b,0.155432
2024-09-20 10:23:00,Pink,WP0,26,36.0,0.150318,0x006f,0x006d,0.150318
2024-09-20 10:23:00,Pink,WP1,26,36.0,0.150549,0x0061,0x0060,0.150546
2024-09-20 10:23:00,White,WP0,26,36.0,0.154544,0x0069,0x0067,0.154451
2024-09-20 10:23:00,White,WP1,26,36.0,0.15454,0x005b,0x005b,0.154525
2024-09-20 10:23:00,Brown,WP0,26,36.0,0.152522,0x0069,0x0069,0.152513
2024-09-20 10:23:00,Brown,WP1,26,36.0,0.152829,0x005d,0x005d,0.152833
2024-09-20 16:30:00,Pink,WP0,26,36.0,,0x006e,0x006f,0.1500083
2024-09-20 16:30:00,Pink,WP1,26,36.0,0.150349,0x0062,0x0061,0.150337
2024-09-20 16:30:00,White,WP0,26,36.0,0.154272,0x0068,0x0068,0.154236
2024-09-20 16:30:00,White,WP1,26,36.0,0.154326,0x005b,0x005d,0.154292
2024-09-20 16:30:00,Brown,WP0,26,36.0,0.152316,0x0069,0x006b,0.152321
2024-09-20 16:30:00,Brown,WP1,26,36.0,0.152626,0x005d,0x005e,0.152616
2024-09-21 16:45:00,Pink,WP0,25,37.0,0.14952,0x006f,0x006f,0.149529
2024-09-21 16:45:00,Pink,WP1,25,37.0,0.149782,0x005b,0x0061,0.149768
2024-09-21 16:45:00,White,WP0,25,37.0,0.153642,0x0069,0x006a,0.153647
2024-09-21 16:45:00,White,WP1,25,37.0,0.153708,0x005b,0x005c,0.153722
2024-09-21 16:45:00,Brown,WP0,25,37.0,0.151722,0x006a,0x0069,0.151731
2024-09-21 16:45:00,Brown,WP1,25,37.0,0.152043,0x005e,0x005f,0.152074
2024-09-23 10:19:00,Pink,WP0,25,38.0,0.149108,0x0070,0x006f,0.149125
2024-09-23 10:19:00,Pink,WP1,25,38.0,0.149334,0x0063,0x0063,0.149356
2024-09-23 10:19:00,White,WP0,25,38.0,0.1531196,0x006a,0x0066,0.153245
2024-09-23 10:19:00,White,WP1,25,38.0,0.153263,0x005b,0x005c,0.153281
2024-09-23 10:19:00,Brown,WP0,25,38.0,0.151273,0x0069,0x006a,0.151308
2024-09-23 10:19:00,Brown,WP1,25,38.0,0.151589,0x005f,0x005f,0.15516
2024-09-23 16:00:00,Pink,WP0,25,38.0,0.149624,0x006e,0x006e,0.149624
2024-09-23 16:00:00,Pink,WP1,25,38.0,0.1492982,0x0062,0x0061,0.149817
2024-09-23 16:00:00,White,WP0,25,38.0,0.153163,0x0067,0x0068,0.153664
2024-09-23 16:00:00,White,WP1,25,38.0,0.153225,0x005c,0x005b,0.153747
2024-09-23 16:00:00,Brown,WP0,25,38.0,0.151236,0x006f,0x006f,0.151747
2024-09-23 16:00:00,Brown,WP1,25,38.0,0.151545,0x0061,0x0062,0.152113
2024-09-24 11:58:00,Pink,WP0,24,40.0,0.14939,0x0078,0x007a,
2024-09-24 11:58:00,Pink,WP1,24,40.0,0.149651,0x007a,0x007a,
2024-09-24 11:58:00,White,WP0,24,40.0,0.153485,0x0072,0x0073,
2024-09-24 11:58:00,White,WP1,24,40.0,0.15357,0x0073,0x0071,
2024-09-24 11:58:00,Brown,WP0,24,40.0,0.151593,0x0075,0x0074,
2024-09-24 11:58:00,Brown,WP1,24,40.0,0.151898,0x0074,0x0074,
2024-09-24 16:00:00,Pink,WP0,25,40.0,,0x0079,0x007a,0.149339
2024-09-24 16:00:00,Pink,WP1,25,40.0,0.149478,0x006b,0x006c,0.149583
2024-09-24 16:00:00,White,WP0,25,40.0,0.153436,0x0072,0x0073,0.153428
2024-09-24 16:00:00,White,WP1,25,40.0,0.153515,0x0066,0x0064,0.153515
2024-09-24 16:00:00,Brown,WP0,25,40.0,0.151522,0x0074,0x0074,0.151534
2024-09-24 16:00:00,Brown,WP1,25,40.0,0.15184,0x0066,0x0067,0.151855
2024-10-16 11:06:00,Pink,WP0,24,32.0,0.148973,0x007e,,
2024-10-16 11:06:00,Pink,WP1,24,32.0,0.149179,0x0079,,
2024-10-16 11:06:00,White,WP0,24,32.0,0.153053,0x0074,,
2024-10-16 11:06:00,White,WP1,24,32.0,0.153086,0x0071,,
2024-10-16 11:06:00,Brown,WP0,24,32.0,0.151161,0x0077,,
2024-10-16 11:06:00,Brown,WP1,24,32.0,0.151425,0x0077,,
,Pink,WP0,24,37.0,,0x007e,,
,Pink,WP1,24,37.0,0.149215,0x0076,,
,White,WP0,24,37.0,0.153037,0x0076,,
,White,WP1,24,37.0,0.153063,0x0070,,
,Brown,WP0,24,37.0,0.15116,0x0077,,
,Brown,WP1,24,37.0,0.151432,0x0074,,
,Pink,WP0,24,40.0,0.148962,0x007c,,
,Pink,WP1,24,40.0,0.149161,0x0079,,
,White,WP0,24,40.0,0.153035,0x0076,,
,White,WP1,24,40.0,0.153088,0x0070,,
,Brown,WP0,24,40.0,0.151148,0x0076,,
,Brown,WP1,24,40.0,0.151442,0x0074,,
2024-10-18 10:37:00,Pink,WP0,24,35.0,0.148925,0x007e,,
2024-10-18 10:37:00,Pink,WP1,24,35.0,0.149132,0x0077,,
2024-10-18 10:37:00,White,WP0,24,35.0,0.153005,0x0076,,
2024-10-18 10:37:00,White,WP1,24,35.0,0.153042,0x0071,,
2024-10-18 10:37:00,Brown,WP0,24,35.0,0.151088,0x0079,,
2024-10-18 10:37:00,Brown,WP1,24,35.0,0.151367,0x0074,,
,Pink,WP0,24,40.0,0.148378,0x007e,,
,Pink,WP1,24,40.0,0.14896,0x0077,,
,White,WP0,24,40.0,0.152852,0x0075,,
,White,WP1,24,40.0,0.152862,0x0072,,
,Brown,WP0,24,40.0,0.150936,0x0079,,
,Brown,WP1,24,40.0,0.151193,0x0074,,
2024-10-23 11:03:00,Pink,WP0,24,32.0,0.149092,0x007c,,
2024-10-23 11:03:00,Pink,WP1,24,32.0,0.149312,0x0079,,
2024-10-23 11:03:00,White,WP0,24,32.0,0.153221,0x0075,,
2024-10-23 11:03:00,White,WP1,24,32.0,0.153225,0x0071,,
2024-10-23 11:03:00,Brown,WP0,24,32.0,0.151275,0x0079,,
2024-10-23 11:03:00,Brown,WP1,24,32.0,0.151256,0x0072,,
,Pink,WP0,24,38.0,0.14908,0x007b,,
,Pink,WP1,24,38.0,0.149292,0x0079,,
,White,WP0,24,38.0,0.153204,0x0076,,
,White,WP1,24,38.0,0.15324,0x0072,,
,Brown,WP0,24,38.0,0.15125,0x0077,,
,Brown,WP1,24,38.0,0.151257,0x0072,,
2024-10-24 11:28:00,Pink,WP0,24,44.0,0.149039,0x007c,,
2024-10-24 11:28:00,Pink,WP1,24,44.0,0.149244,0x0079,,
2024-10-24 11:28:00,White,WP0,24,44.0,0.153123,0x0076,,
2024-10-24 11:28:00,White,WP1,24,44.0,0.153158,0x0072,,
2024-10-24 11:28:00,Brown,WP0,24,44.0,0.151212,0x0079,,
2024-10-24 11:28:00,Brown,WP1,24,44.0,0.151501,0x0074,,
,Pink,WP0,24,42.0,,0x007d,,
,Pink,WP1,24,42.0,0.148926,0x0077,,
,White,WP0,24,42.0,0.152793,0x0075,,
,White,WP1,24,42.0,0.152844,0x006f,,
,Brown,WP0,24,42.0,0.151015,0x0079,,
,Brown,WP1,24,42.0,0.151175,0x0073,,
2024-10-29 09:48:00,Pink,WP0,24,52.0,0.148898,0x007c,,
2024-10-29 09:48:00,Pink,WP1,24,52.0,0.149072,0x0076,,
2024-10-29 09:48:00,White,WP0,24,52.0,0.15297,0x0074,,
2024-10-29 09:48:00,White,WP1,24,52.0,0.152984,0x0070,,
2024-10-29 09:48:00,Brown,WP0,24,52.0,0.151048,0x0076,,
2024-10-29 09:48:00,Brown,WP1,24,52.0,0.15131,0x0072,,
,Pink,WP0,24,47.0,,0x007c,,
,Pink,WP1,24,47.0,0.149264,0x0076,,
,White,WP0,24,47.0,0.153138,0x0074,,
,White,WP1,24,47.0,0.153185,0x006e,,
,Brown,WP0,24,47.0,0.151252,0x0076,,
,Brown,WP1,24,47.0,0.151525,0x0072,,
2024-10-30 11:56:00,Pink,WP0,24,40.0,0.149186,0x007c,,
2024-10-31 11:56:00,Pink,WP1,24,40.0,0.149381,0x0076,,
2024-11-01 11:56:00,White,WP0,24,40.0,0.15326,0x0072,,
2024-11-02 11:56:00,White,WP1,24,40.0,0.153304,0x006e,,
2024-11-03 11:56:00,Brown,WP0,24,40.0,0.151355,0x0075,,
2024-11-04 11:56:00,Brown,WP1,24,40.0,0.151631,0x0070,,
2024-10-30 16:00:00,Pink,WP0,24,47.0,,0x007b,,
2024-10-30 16:00:00,Pink,WP1,24,47.0,0.149362,0x0076,,
2024-10-30 16:00:00,White,WP0,24,47.0,0.153223,0x0072,,
2024-10-30 16:00:00,White,WP1,24,47.0,0.153264,0x006e,,
2024-10-30 16:00:00,Brown,WP0,24,47.0,0.151328,0x0076,,
2024-10-30 16:00:00,Brown,WP1,24,47.0,0.151622,0x0070,,
2024-10-31 10:32:00,Pink,WP0,24,55.0,0.149001,0x007b,,
2024-10-31 10:32:00,Pink,WP1,24,55.0,0.149212,0x0076,,
2024-10-31 10:32:00,White,WP0,24,55.0,0.15308,0x0072,,
2024-10-31 10:32:00,White,WP1,24,55.0,0.153133,0x006f,,
2024-10-31 10:32:00,Brown,WP0,24,55.0,0.151173,0x0075,,
2024-10-31 10:32:00,Brown,WP1,24,55.0,0.151455,0x0071,,
2024-10-31 16:15:00,Pink,WP0,24,56.0,,0x007b,,
2024-10-31 16:15:00,Pink,WP1,24,56.0,0.149198,0x0076,,
2024-10-31 16:15:00,White,WP0,24,56.0,0.15308,0x0073,,
2024-10-31 16:15:00,White,WP1,24,56.0,0.153124,0x006e,,
2024-10-31 16:15:00,Brown,WP0,24,56.0,0.151174,0x0074,,
2024-10-31 16:15:00,Brown,WP1,24,56.0,0.151432,0x0070,,
2024-11-01 09:35:00,Pink,WP0,24,35.0,0.148845,0x007a,,
2024-11-01 09:35:00,Pink,WP1,24,35.0,0.149046,0x0075,,
2024-11-01 09:35:00,White,WP0,24,35.0,0.152937,0x0072,,
2024-11-01 09:35:00,White,WP1,24,35.0,0.152983,0x006d,,
2024-11-01 09:35:00,Brown,WP0,24,35.0,0.151023,0x0076,,
2024-11-01 09:35:00,Brown,WP1,24,35.0,0.151312,0x0070,,
2024-11-04 10:52:00,Pink,WP0,24,49.0,0.148695,0x007c,,
2024-11-04 10:52:00,Pink,WP1,24,49.0,0.148907,0x007b,,
2024-11-04 10:52:00,White,WP0,24,49.0,0.15275,0x0071,,
2024-11-04 10:52:00,White,WP1,24,49.0,0.152814,0x0072,,
2024-11-04 10:52:00,Brown,WP0,24,49.0,0.150854,0x0076,,
2024-11-04 10:52:00,Brown,WP1,24,49.0,0.151147,0x0075,,
2024-11-04 16:00:00,Pink,WP0,23,52.0,0.148573,0x0079,,
2024-11-04 16:00:00,Pink,WP1,23,52.0,0.148798,0x0074,,
2024-11-04 16:00:00,White,WP0,23,52.0,0.15262,0x0072,,
2024-11-04 16:00:00,White,WP1,23,52.0,0.15264,0x006d,,
2024-11-04 16:00:00,Brown,WP0,23,52.0,0.15071,0x0076,,
2024-11-04 16:00:00,Brown,WP1,23,52.0,0.150985,0x0071,,
2024-11-05 16:00:00,Pink,WP0,23,51.0,0.148619,0x0071,,
2024-11-05 16:00:00,Pink,WP1,23,51.0,0.148798,0x006d,,
2024-11-05 16:00:00,White,WP0,23,51.0,0.152672,0x0068,,
2024-11-05 16:00:00,White,WP1,23,51.0,0.152702,0x0066,,
2024-11-05 16:00:00,Brown,WP0,23,51.0,0.150776,0x006d,,
2024-11-05 16:00:00,Brown,WP1,23,51.0,0.151052,0x0069,,
2024-11-06 09:30:00,Pink,WP0,23,55.0,0.148735,0x006f,,
2024-11-06 09:30:00,Pink,WP1,23,55.0,0.148951,0x006c,,
2024-11-06 09:30:00,White,WP0,23,55.0,0.152768,0x0069,,
2024-11-06 09:30:00,White,WP1,23,55.0,0.152732,0x0065,,
2024-11-06 09:30:00,Brown,WP0,23,55.0,0.150912,0x006c,,
2024-11-06 09:30:00,Brown,WP1,23,55.0,0.151068,0x0067,,
2024-11-07 10:30:00,Pink,WP0,23,51.0,0.148612,0x0077,,
2024-11-07 10:30:00,Pink,WP1,23,51.0,0.148811,0x0071,,
2024-11-07 10:30:00,White,WP0,23,51.0,0.152646,0x006e,,
2024-11-07 10:30:00,White,WP1,23,51.0,0.152713,0x006b,,
2024-11-07 10:30:00,Brown,WP0,23,51.0,0.150759,0x006b,,
2024-11-07 10:30:00,Brown,WP1,23,51.0,0.151082,0x006e,,
2024-11-07 16:30:00,Pink,WP0,23,50.0,0.148545,0x0077,,
2024-11-07 16:30:00,Pink,WP1,23,50.0,0.148746,0x0072,,
2024-11-07 16:30:00,White,WP0,23,50.0,0.1526,0x006f,,
2024-11-07 16:30:00,White,WP1,23,50.0,0.152641,0x006b,,
2024-11-07 16:30:00,Brown,WP0,23,50.0,0.1507,0x0072,,
2024-11-07 16:30:00,Brown,WP1,23,50.0,0.151011,0x006d,,
2024-11-08 12:10:00,Pink,WP0,24,41.0,0.148483,0x0072,,
2024-11-08 12:10:00,Pink,WP1,24,41.0,0.1487,0x006f,,
2024-11-08 12:10:00,White,WP0,24,41.0,0.152591,0x006b,,
2024-11-08 12:10:00,White,WP1,24,41.0,0.152604,0x006a,,
2024-11-08 12:10:00,Brown,WP0,24,41.0,0.150634,0x006d,,
2024-11-08 12:10:00,Brown,WP1,24,41.0,0.150933,0x006d,,
2024-11-08 16:40:00,Pink,WP0,23,49.0,0.148592,0x0076,,
2024-11-08 16:40:00,Pink,WP1,23,49.0,0.148817,0x006f,,
2024-11-08 16:40:00,White,WP0,23,49.0,0.152535,0x006f,,
2024-11-08 16:40:00,White,WP1,23,49.0,0.152586,0x006b,,
2024-11-08 16:40:00,Brown,WP0,23,49.0,0.150635,0x0071,,
2024-11-08 16:40:00,Brown,WP1,23,49.0,0.150914,0x006c,,
2024-11-11 13:06:00,Pink,WP0,23,48.0,0.148553,0x0070,,
2024-11-11 13:06:00,Pink,WP1,23,48.0,0.148786,0x006d,,
2024-11-11 13:06:00,White,WP0,23,48.0,0.152588,0x006a,,
2024-11-11 13:06:00,White,WP1,23,48.0,0.152624,0x0069,,
2024-11-11 13:06:00,Brown,WP0,23,48.0,0.150648,0x006d,,
2024-11-11 13:06:00,Brown,WP1,23,48.0,0.150951,0x0069,,
2024-11-11 17:00:00,Pink,WP0,23,50.0,0.148438,0x0073,,
2024-11-11 17:00:00,Pink,WP1,23,50.0,0.148607,0x006e,,
2024-11-11 17:00:00,White,WP0,23,50.0,0.152474,0x006b,,
2024-11-11 17:00:00,White,WP1,23,50.0,0.152525,0x0067,,
2024-11-11 17:00:00,Brown,WP0,23,50.0,0.150573,0x006e,,
2024-11-11 17:00:00,Brown,WP1,23,50.0,0.150862,0x0068,,
2024-11-12 11:12:00,Pink,WP0,22,62.0,0.148212,0x0074,,
2024-11-12 11:12:00,Pink,WP1,22,62.0,0.14842,0x006f,,
2024-11-12 11:12:00,White,WP0,22,62.0,0.152274,0x006c,,
2024-11-12 11:12:00,White,WP1,22,62.0,0.152311,0x0069,,
2024-11-12 11:12:00,Brown,WP0,22,62.0,0.150364,0x006f,,
2024-11-12 11:12:00,Brown,WP1,22,62.0,0.15065,0x0069,,
2024-11-12 17:20:00,Pink,WP0,22,64.0,0.148147,0x0073,,
2024-11-12 17:20:00,Pink,WP1,22,64.0,0.148407,0x006e,,
2024-11-12 17:20:00,White,WP0,22,64.0,0.152212,0x006c,,
2024-11-12 17:20:00,White,WP1,22,64.0,0.152276,0x0067,,
2024-11-12 17:20:00,Brown,WP0,22,64.0,0.150329,0x006d,,
2024-11-12 17:20:00,Brown,WP1,22,64.0,0.150622,0x0069,,
2024-11-13 10:12:00,Pink,WP0,21,63.0,0.147958,0x0070,,
2024-11-13 10:12:00,Pink,WP1,21,63.0,0.148145,0x006d,,
2024-11-13 10:12:00,White,WP0,21,63.0,0.15201,0x006b,,
2024-11-13 10:12:00,White,WP1,21,63.0,0.152076,0x0068,,
2024-11-13 10:12:00,Brown,WP0,21,63.0,0.150083,0x006d,,
2024-11-13 10:12:00,Brown,WP1,21,63.0,0.150477,0x0069,,
2024-11-13 16:35:00,Pink,WP0,22,62.0,0.147909,0x0070,,
2024-11-13 16:35:00,Pink,WP1,22,62.0,0.148088,0x006d,,
2024-11-13 16:35:00,White,WP0,22,62.0,0.151943,0x006a,,
2024-11-13 16:35:00,White,WP1,22,62.0,0.151986,0x0067,,
2024-11-13 16:35:00,Brown,WP0,22,62.0,0.150025,0x006b,,
2024-11-13 16:35:00,Brown,WP1,22,62.0,0.150331,0x0069,,
2024-11-14 09:31:00,Pink,WP0,22,63.0,0.147947,0x006f,,
2024-11-14 09:31:00,Pink,WP1,22,63.0,0.148139,0x006b,,
2024-11-14 09:31:00,White,WP0,22,63.0,0.152274,0x0069,,
2024-11-14 09:31:00,White,WP1,22,63.0,0.152031,0x0065,,
2024-11-14 09:31:00,Brown,WP0,22,63.0,0.150375,0x006b,,
2024-11-14 09:31:00,Brown,WP1,22,63.0,0.150316,0x0067,,
2024-11-14 16:40:00,Pink,WP0,22,63.0,0.147884,0x006e,,
2024-11-14 16:40:00,Pink,WP1,22,63.0,0.148074,0x006a,,
2024-11-14 16:40:00,White,WP0,22,63.0,0.151906,0x0068,,
2024-11-14 16:40:00,White,WP1,22,63.0,0.151951,0x0065,,
2024-11-14 16:40:00,Brown,WP0,22,63.0,0.150002,0x0067,,
2024-11-14 16:40:00,Brown,WP1,22,63.0,0.15029,0x0065,,
2024-11-15 11:14:00,Pink,WP0,22,68.0,0.147933,0x006b,,
2024-11-15 11:14:00,Pink,WP1,22,68.0,0.148093,0x0069,,
2024-11-15 11:14:00,White,WP0,22,68.0,0.151975,0x0065,,
2024-11-15 11:14:00,White,WP1,22,68.0,0.151979,0x0060,,
2024-11-15 11:14:00,Brown,WP0,22,68.0,0.150083,0x0069,,
2024-11-15 11:14:00,Brown,WP1,22,68.0,0.150336,0x0064,,
2024-11-15 16:30:00,Pink,WP0,22,70.0,0.14787,0x006b,,
2024-11-15 16:30:00,Pink,WP1,22,70.0,0.148092,0x0067,,
2024-11-15 16:30:00,White,WP0,22,70.0,0.151927,0x0064,,
2024-11-15 16:30:00,White,WP1,22,70.0,0.151996,0x0060,,
2024-11-15 16:30:00,Brown,WP0,22,70.0,0.15002,0x0067,,
2024-11-15 16:30:00,Brown,WP1,22,70.0,0.150328,0x0064,,
2024-11-18 11:52:00,Pink,WP0,24,52.0,0.148375,0x005c,,
2024-11-18 11:52:00,Pink,WP1,24,52.0,0.148542,0x0060,,
2024-11-18 11:52:00,White,WP0,24,52.0,0.15243,0x004d,,
2024-11-18 11:52:00,White,WP1,24,52.0,0.152419,0x0050,,
2024-11-18 11:52:00,Brown,WP0,24,52.0,0.15052,0x005f,,
2024-11-18 11:52:00,Brown,WP1,24,52.0,0.510791,0x005c,,
2024-11-18 16:00:00,Pink,WP0,23,58.0,0.148286,0x0065,,
2024-11-18 16:00:00,Pink,WP1,23,58.0,0.14854,0x005f,,
2024-11-18 16:00:00,White,WP0,23,58.0,0.152367,0x0053,,
2024-11-18 16:00:00,White,WP1,23,58.0,0.152425,0x0050,,
2024-11-18 16:00:00,Brown,WP0,23,58.0,0.15045,0x005e,,
2024-11-18 16:00:00,Brown,WP1,23,58.0,0.150755,0x005a,,
2024-11-20 11:30:00,Pink,WP0,23,60.0,0.148398,0x0060,,
2024-11-20 11:30:00,Pink,WP1,23,60.0,0.148605,0x005d,,
2024-11-20 11:30:00,White,WP0,23,60.0,0.152456,0x004e,,
2024-11-20 11:30:00,White,WP1,23,60.0,0.152502,0x004b,,
2024-11-20 11:30:00,Brown,WP0,23,60.0,0.150614,0x005d,,
2024-11-20 11:30:00,Brown,WP1,23,60.0,0.150839,0x0059,,
2024-11-20 17:00:00,Pink,WP0,22,62.0,0.148267,0x0060,,
2024-11-20 17:00:00,Pink,WP1,22,62.0,0.1485,0x005c,,
2024-11-20 17:00:00,White,WP0,22,62.0,0.152326,0x004d,,
2024-11-20 17:00:00,White,WP1,22,62.0,0.152382,0x004b,,
2024-11-20 17:00:00,Brown,WP0,22,62.0,0.150407,0x0057,,
2024-11-20 17:00:00,Brown,WP1,22,62.0,0.150717,0x0059,,
2024-10-14 10:45:00,Pink,WP0,24,31.0,0.149413,0x007d,,
2024-10-14 10:45:00,Pink,WP1,24,31.0,0.149696,0x007a,,
2024-10-14 10:45:00,White,WP0,24,31.0,0.153557,0x0076,,
2024-10-14 10:45:00,White,WP1,24,31.0,0.153552,0x0071,,
2024-10-14 10:45:00,Brown,WP0,24,31.0,0.151546,0x0076,,
2024-10-14 10:45:00,Brown,WP1,24,31.0,0.151822,0x0075,,
2024-10-15 10:48:00,Pink,WP0,24,33.0,0.149064,0x007c,,
2024-10-15 10:48:00,Pink,WP1,24,33.0,0.14927,0x0077,,
2024-10-15 10:48:00,White,WP0,24,33.0,0.153338,0x0076,,
2024-10-15 10:48:00,White,WP1,24,33.0,0.153192,0x0072,,
2024-10-15 10:48:00,Brown,WP0,24,33.0,0.151346,0x0077,,
2024-10-15 10:48:00,Brown,WP1,24,33.0,0.151528,0x0074,,
2024-10-15 00:00:00,Pink,WP0,24,32.0,0.148907,0x007d,,
2024-10-15 00:00:00,Pink,WP1,24,32.0,0.149148,0x0079,,
2024-10-15 00:00:00,White,WP0,24,32.0,0.153005,0x0076,,
2024-10-15 00:00:00,White,WP1,24,32.0,0.153067,0x0071,,
2024-10-15 00:00:00,Brown,WP0,24,32.0,0.15109,0x0079,,
2024-10-15 00:00:00,Brown,WP1,24,32.0,0.151385,0x0074,,
2024-10-15 00:00:00,Pink,WP0,24,28.0,0.149239,0x007c,,
2024-10-15 00:00:00,Pink,WP1,24,28.0,0.149483,0x0079,,
2024-10-15 00:00:00,White,WP0,24,28.0,0.153424,0x0076,,
2024-10-15 00:00:00,White,WP1,24,28.0,0.153407,0x0070,,
2024-10-15 00:00:00,Brown,WP0,24,28.0,0.151513,0x0077,,
2024-10-15 00:00:00,Brown,WP1,24,28.0,0.15173,0x0073,,
2024-10-03 10:41:00,Pink,WP0,25,31.0,0.149255,0x0063,,
2024-10-03 10:41:00,Pink,WP1,25,31.0,0.149457,0x0062,,
2024-10-03 10:41:00,White,WP0,25,31.0,0.153327,0x005c,,
2024-10-03 10:41:00,White,WP1,25,31.0,0.153379,0x005d,,
2024-10-03 10:41:00,Brown,WP0,25,31.0,0.151412,0x005f,,
2024-10-03 10:41:00,Brown,WP1,25,31.0,0.151694,0x005e,,
2024-10-01 10:36:00,Pink,WP1,25,39.0,0.149673,0x006a,,
2024-10-01 10:36:00,White,WP0,25,39.0,0.153623,0x0063,,
2024-10-01 10:36:00,White,WP1,25,39.0,0.153605,0x0063,,
2024-10-01 10:36:00,Brown,WP0,25,39.0,0.151666,0x0066,,
2024-10-01 10:36:00,Brown,WP1,25,39.0,0.151933,0x0064,,
2024-10-01 16:00:00,Pink,WP0,25,40.0,0.149472,0x0068,,
2024-10-01 16:00:00,Pink,WP1,25,40.0,0.149643,0x0068,,
2024-10-01 16:00:00,White,WP0,25,40.0,0.153546,0x0070,,
2024-10-01 16:00:00,White,WP1,25,40.0,0.15358,0x0061,,
2024-10-01 16:00:00,Brown,WP0,25,40.0,0.151642,0x0072,,
2024-10-01 16:00:00,Brown,WP1,25,40.0,0.151914,0x0065,,
2024-09-30 16:00:00,Pink,WP0,24,41.0,0.149345,0x0078,,
2024-09-30 16:00:00,Pink,WP1,24,41.0,0.149446,0x006a,,
2024-09-30 16:00:00,White,WP0,24,41.0,0.153335,0x0071,,
2024-09-30 16:00:00,White,WP1,24,41.0,0.153397,0x0063,,
2024-09-30 16:00:00,Brown,WP0,24,41.0,0.151495,0x0073,,
2024-09-30 16:00:00,Brown,WP1,24,41.0,0.151717,0x0066,,
2024-09-27 10:25:00,Pink,WP0,25,40.0,0.149417,0x0078,,
2024-09-27 10:25:00,Pink,WP1,25,40.0,0.149627,0x006a,,
2024-09-27 10:25:00,White,WP0,25,40.0,0.153493,0x0071,,
2024-09-27 10:25:00,White,WP1,25,40.0,0.15359,0x0063,,
2024-09-27 10:25:00,Brown,WP0,25,40.0,0.151582,0x0074,,
2024-09-27 10:25:00,Brown,WP1,25,40.0,0.151876,0x0067,,
2024-09-27 16:00:00,Pink,WP0,24,37.0,0.149284,0x0077,,
2024-09-27 16:00:00,Pink,WP1,24,37.0,0.149491,0x006c,,
2024-09-27 16:00:00,White,WP0,24,37.0,0.153347,0x0071,,
2024-09-27 16:00:00,White,WP1,24,37.0,0.153432,0x0064,,
2024-09-27 16:00:00,Brown,WP0,24,37.0,0.151342,0x0073,,
2024-09-27 16:00:00,Brown,WP1,24,37.0,0.151728,0x0066,,
2024-09-25 11:12:00,Pink,WP0,25,40.0,0.149376,0x007a,,
2024-09-25 11:12:00,Pink,WP1,25,40.0,0.149595,0x006b,,
2024-09-25 11:12:00,White,WP0,25,40.0,0.153465,0x0072,,
2024-09-25 11:12:00,White,WP1,25,40.0,0.153537,0x0064,,
2024-09-25 11:12:00,Brown,WP0,25,40.0,0.151552,0x0075,,
2024-09-25 11:12:00,Brown,WP1,25,40.0,0.151859,0x0066,,
2024-09-25 16:00:00,Pink,WP0,25,40.0,0.149329,0x007a,,
2024-09-25 16:00:00,Pink,WP1,25,40.0,0.149572,0x006c,,
2024-09-25 16:00:00,White,WP0,25,40.0,0.153417,0x0072,,
2024-09-25 16:00:00,White,WP1,25,40.0,0.153488,0x0063,,
2024-09-25 16:00:00,Brown,WP0,25,40.0,0.151502,0x0074,,
2024-09-25 16:00:00,Brown,WP1,25,40.0,0.151823,0x0067,,
2024-09-26 09:38:00,Pink,WP0,25,39.0,0.149415,0x006c,,
2024-09-26 09:38:00,Pink,WP1,25,39.0,0.149667,0x006b,,
2024-09-26 09:38:00,White,WP0,25,39.0,0.153506,0x0066,,
2024-09-26 09:38:00,White,WP1,25,39.0,0.153598,0x0064,,
2024-09-26 09:38:00,Brown,WP0,25,39.0,0.151587,0x0067,,
2024-09-26 09:38:00,Brown,WP1,25,39.0,0.151992,0x0066,,
2024-09-26 13:00:00,Pink,WP0,24,40.0,0.149276,0x0078,,
2024-09-26 13:00:00,Pink,WP1,24,40.0,0.14948,0x0069,,
2024-09-26 13:00:00,White,WP0,24,40.0,0.15337,0x0071,,
2024-09-26 13:00:00,White,WP1,24,40.0,0.153402,0x0063,,
2024-09-26 13:00:00,Brown,WP0,24,40.0,0.151603,0x0073,,
2024-09-26 13:00:00,Brown,WP1,24,40.0,0.15173,0x0066,,
2024-10-03 16:00:00,Pink,WP0,25,32.0,0.149175,0x007a,,
2024-10-03 16:00:00,Pink,WP1,25,32.0,0.149436,0x007c,,
2024-10-03 16:00:00,White,WP0,25,32.0,0.153353,0x0072,,
2024-10-03 16:00:00,White,WP1,25,32.0,0.153364,0x0072,,
2024-10-03 16:00:00,Brown,WP0,25,32.0,0.151406,0x0076,,
2024-10-03 16:00:00,Brown,WP1,25,32.0,0.151693,0x0075,,
2024-10-02 10:15:00,Pink,WP0,25,33.0,0.149343,0x006f,,
2024-10-02 10:15:00,Pink,WP1,25,33.0,0.1495996,0x0063,,
2024-10-02 10:15:00,White,WP0,25,33.0,0.153537,0x0068,,
2024-10-02 10:15:00,White,WP1,25,33.0,0.153521,0x005c,,
2024-10-02 10:15:00,Brown,WP0,25,33.0,0.151603,0x006a,,
2024-10-02 10:15:00,Brown,WP1,25,33.0,0.151832,0x005f,,
2024-10-02 16:00:00,Pink,WP0,24,29.0,0.149205,0x0063,,
2024-10-02 16:00:00,Pink,WP1,24,29.0,0.149375,0x0070,,
2024-10-02 16:00:00,White,WP0,24,29.0,0.153278,0x00069,,
2024-10-02 16:00:00,White,WP1,24,29.0,0.153282,0x005d,,
2024-10-02 16:00:00,Brown,WP0,24,29.0,0.151371,0x006b,,
2024-10-02 16:00:00,Brown,WP1,24,29.0,0.15163,0x005f,,
2024-10-01 10:36:00,Pink,WP0,25,39.0,0.149506,0x0067,,
