Time,S11_Impulse Response (Real),S11_Impulse Response (Magnitude),S11_Step Response,S11_Impedance,S22_Impulse Response (Real),S22_Impulse Response (Magnitude),S22_Step Response,S22_Impedance,
0,0.0208008313,-33.63718552,nan,0,-0.03176803099,-29.50925313,nan,0,
2.49500998e-07,0.00805830793,-41.33309004,nan,0,-0.01370735963,-36.05424095,nan,0,
4.99001996e-07,5.813994141e-05,-61.10221897,nan,0,-0.0007053795114,-58.336984,nan,0,
7.48502994e-07,0.0001227637838,-66.25857831,nan,0,-0.0008575840499,-61.27977212,nan,0,
9.98003992e-07,0.0004114119297,-67.61360445,nan,0,-0.000117825966,-68.94071178,nan,0,
1.24750499e-06,-0.0009660572524,-59.42759547,nan,0,0.0006012705176,-60.9594659,nan,0,
1.497005988e-06,-0.002469038178,-51.2763367,nan,0,0.0005230230036,-65.09168267,nan,0,
1.746506986e-06,-0.001473688211,-52.67506412,nan,0,-0.0003957545059,-66.77299439,nan,0,
1.996007984e-06,-0.001229623917,-58.11798597,nan,0,0.0001372692366,-62.68427111,nan,0,
2.245508982e-06,-0.0005154231587,-58.67065649,nan,0,0.0002652487786,-65.56504366,nan,0,
2.49500998e-06,-0.0003358091196,-69.45898758,nan,0,0.0009309270403,-59.63478405,nan,0,
2.744510978e-06,-0.0001515567126,-64.58266555,nan,0,3.437510067e-06,-83.06696518,nan,0,
2.994011976e-06,-0.0003308213382,-64.6091229,nan,0,0.0006397026345,-62.73546944,nan,0,
3.243512974e-06,0.0004752349892,-66.34033353,nan,0,0.0002947234998,-70.49148047,nan,0,
3.493013972e-06,-0.0005463061873,-61.63232345,nan,0,0.001270523336,-57.40663569,nan,0,
3.74251497e-06,0.0004538135855,-66.48472143,nan,0,-0.0003905647089,-66.6322319,nan,0,
3.992015968e-06,-0.0003409523423,-68.17720952,nan,0,3.224081975e-05,-70.99137437,nan,0,
4.241516966e-06,0.0003713434594,-65.25167037,nan,0,-0.0008985946979,-60.92055365,nan,0,
4.491017964e-06,-0.0002360200506,-70.24929607,nan,0,0.0005297072569,-65.42384119,nan,0,
4.740518962e-06,0.0007841538044,-62.07782538,nan,0,-0.0005866941748,-63.83629333,nan,0,
4.99001996e-06,-0.0005028998746,-65.36438554,nan,0,0.0004536918687,-66.60031366,nan,0,
5.239520958e-06,0.0004509681362,-66.85716917,nan,0,-0.0004876514363,-65.65242276,nan,0,
5.489021956e-06,-0.0004993139447,-65.70171493,nan,0,0.0006947324148,-63.13640304,nan,0,
5.738522954e-06,0.0004854524549,-66.13889992,nan,0,-0.0003252159455,-68.79336398,nan,0,
5.988023952e-06,-0.0005787631678,-64.74083429,nan,0,0.0007127429683,-62.87414137,nan,0,
6.23752495e-06,0.0004632201887,-65.72665792,nan,0,-0.000323235662,-66.15153874,nan,0,
6.487025948e-06,-0.0004107473456,-67.51755932,nan,0,0.0004921823554,-66.04922068,nan,0,
6.736526946e-06,0.000488262577,-66.22599711,nan,0,-0.0005279073469,-64.50275869,nan,0,
6.986027944e-06,-0.0004770610056,-64.60430664,nan,0,0.0003962250974,-67.31974098,nan,0,
7.235528942e-06,0.0005235629266,-64.87151153,nan,0,-0.0004189599377,-65.95676743,nan,0,
7.48502994e-06,-0.0003095377956,-68.15316173,nan,0,0.0004830264678,-64.34945315,nan,0,
7.734530938e-06,0.0003391539155,-67.97740181,nan,0,-0.0003004574309,-68.79169889,nan,0,
7.984031936e-06,-0.0005544602795,-63.61323588,nan,0,0.0003329603612,-65.13992455,nan,0,
8.233532934e-06,0.0002256531859,-68.37349086,nan,0,-0.0004612734496,-64.8970748,nan,0,
8.483033932e-06,-0.000381315905,-65.91245966,nan,0,0.0001278339056,-67.58345109,nan,0,
8.73253493e-06,0.0002621683042,-67.71418533,nan,0,-0.0003487546046,-66.4453105,nan,0,
8.982035928e-06,-0.0003303537579,-66.56133426,nan,0,0.0001688536863,-66.60952196,nan,0,
9.231536926e-06,0.0001749986067,-67.71840763,nan,0,-0.0002274139765,-67.75519867,nan,0,
9.481037924e-06,-0.0003537006464,-65.42768443,nan,0,0.0002683197617,-66.34164899,nan,0,
9.730538922e-06,0.0001934152008,-66.4719991,nan,0,-0.0001149538502,-67.45664131,nan,0,
9.98003992e-06,-0.0001177460081,-67.54437323,nan,0,6.298709885e-05,-68.86612349,nan,0,
1.022954092e-05,0.0002329298255,-68.23385281,nan,0,-0.0003629642758,-63.56724702,nan,0,
1.047904192e-05,-0.0001343515548,-65.35926961,nan,0,-3.610381554e-05,-68.62039141,nan,0,
1.072854291e-05,7.862728872e-05,-69.11853482,nan,0,-3.2688928e-05,-68.53499264,nan,0,
1.097804391e-05,-8.257413658e-05,-67.25521604,nan,0,8.658732653e-05,-67.73134967,nan,0,
1.122754491e-05,4.675983742e-05,-67.28612827,nan,0,-8.123986221e-06,-66.70164784,nan,0,
1.147704591e-05,-8.07081433e-05,-69.04465794,nan,0,-1.326070901e-05,-69.54388299,nan,0,
1.172654691e-05,2.837123069e-05,-67.28102748,nan,0,9.808265817e-06,-67.15073483,nan,0,
1.19760479e-05,-1.947276298e-05,-69.50160452,nan,0,-7.338146839e-05,-68.15456342,nan,0,
1.22255489e-05,-4.173008309e-05,-66.43122542,nan,0,8.816237846e-05,-68.9706553,nan,0,
1.24750499e-05,4.936801915e-05,-69.84106472,nan,0,-4.408833429e-05,-69.5846666,nan,0,
1.27245509e-05,-2.323709672e-05,-68.02576915,nan,0,8.617088703e-05,-67.92772956,nan,0,
1.29740519e-05,9.673898766e-05,-68.08122677,nan,0,-0.0001544929807,-68.72507558,nan,0,
1.322355289e-05,-0.0001185080946,-69.43039571,nan,0,0.0001044630806,-69.87114849,nan,0,
1.347305389e-05,5.884560555e-05,-69.99400948,nan,0,-0.0001177077391,-69.15467072,nan,0,
1.372255489e-05,-0.0001013641812,-68.64669267,nan,0,0.0001902466653,-68.48595738,nan,0,
1.397205589e-05,0.0001630768357,-68.71094868,nan,0,-0.0001821569173,-70.07336048,nan,0,
1.422155689e-05,-0.0001334609613,-70.38365644,nan,0,0.0001572202549,-70.32366541,nan,0,
1.447105788e-05,0.0001229497291,-69.49420775,nan,0,-0.0001775473104,-69.49127601,nan,0,
1.472055888e-05,-0.0001890029975,-69.04123333,nan,0,0.0002257049939,-69.85881165,nan,0,
1.497005988e-05,0.000182894439,-70.34064122,nan,0,-0.0001625067023,-70.67524313,nan,0,
1.521956088e-05,-0.0001677601838,-70.68848463,nan,0,0.0002324619015,-69.90726709,nan,0,
1.546906188e-05,0.0001649654541,-70.18656554,nan,0,-0.00020360744,-70.75902153,nan,0,
1.571856287e-05,-0.0002136155186,-70.27312238,nan,0,0.0002485566369,-69.99338973,nan,0,
1.596806387e-05,0.0001840283136,-70.9215193,nan,0,-0.0002273037095,-71.05341025,nan,0,
1.621756487e-05,-0.0002170574165,-70.20153491,nan,0,0.000222580566,-71.1140579,nan,0,
1.646706587e-05,0.0002222105876,-70.9465802,nan,0,-0.0002397312465,-71.2321846,nan,0,
1.671656687e-05,-0.0001949035445,-72.5661202,nan,0,0.0002146487201,-71.64787722,nan,0,
1.696606786e-05,0.0002178708584,-70.41788242,nan,0,-0.0002583332769,-70.86762564,nan,0,
1.721556886e-05,-0.0002357497492,-71.26705747,nan,0,0.0002344725079,-71.88935459,nan,0,
1.746506986e-05,0.0002129815174,-72.29577392,nan,0,-0.00022418609,-72.30836411,nan,0,
1.771457086e-05,-0.000218903665,-71.97196255,nan,0,0.0002458491316,-71.53870419,nan,0,
1.796407186e-05,0.0002258965747,-72.14808811,nan,0,-0.0002294856339,-72.46692485,nan,0,
1.821357285e-05,-0.0002041979419,-73.06286181,nan,0,0.0002365207915,-72.18113044,nan,0,
1.846307385e-05,0.0002180747604,-72.62449277,nan,0,-0.0002290312424,-72.68464948,nan,0,
1.871257485e-05,-0.0001958077225,-73.71974219,nan,0,0.0002249282402,-72.81154662,nan,0,
1.896207585e-05,0.0002064432211,-73.22002834,nan,0,-0.0002129554552,-73.3908747,nan,0,
1.921157685e-05,-0.0002054071882,-73.37686584,nan,0,0.0002218998922,-72.9644033,nan,0,
1.946107784e-05,0.0002040191746,-73.66443102,nan,0,-0.0002215428133,-73.09080923,nan,0,
1.971057884e-05,-0.0001967814826,-73.96171609,nan,0,0.0002004660752,-73.95857766,nan,0,
1.996007984e-05,0.0001957980931,-74.0969766,nan,0,-0.0002016947962,-73.90469997,nan,0,
2.020958084e-05,-0.0001908451113,-74.36769436,nan,0,0.000197759566,-74.07323848,nan,0,
2.045908184e-05,0.0001812912596,-74.82515579,nan,0,-0.000198310769,-74.0033312,nan,0,
2.070858283e-05,-0.0001828841477,-74.7555417,nan,0,0.0001916016639,-74.26154919,nan,0,
2.095808383e-05,0.0001630395879,-75.73596312,nan,0,-0.0001790031517,-74.74888033,nan,0,
2.120758483e-05,-0.0001720806821,-75.27229873,nan,0,0.0001747539498,-74.98921823,nan,0,
2.145708583e-05,0.0001561907652,-76.01604891,nan,0,-0.0001734262682,-74.94744526,nan,0,
2.170658683e-05,-0.0001554974794,-76.04207687,nan,0,0.0001661239372,-75.26161508,nan,0,
2.195608782e-05,0.0001419975396,-76.74742257,nan,0,-0.0001555793407,-75.59500922,nan,0,
2.220558882e-05,-0.0001402248849,-76.83241384,nan,0,0.0001524990901,-75.92059649,nan,0,
2.245508982e-05,0.0001333032979,-77.09110867,nan,0,-0.0001528698664,-75.76389874,nan,0,
2.270459082e-05,-0.0001227431129,-77.81504344,nan,0,0.0001472964933,-75.88855811,nan,0,
2.295409182e-05,0.0001246639982,-77.68069065,nan,0,-0.0001320643783,-76.45519624,nan,0,
2.320359281e-05,-0.0001192071095,-77.78747543,nan,0,0.0001274067242,-77.00611534,nan,0,
2.345309381e-05,0.0001070735042,-78.52949653,nan,0,-0.0001241529551,-76.98939605,nan,0,
2.370259481e-05,-0.0001098599269,-78.40267638,nan,0,0.0001249129584,-77.05705296,nan,0,
2.395209581e-05,9.512272339e-05,-78.94457787,nan,0,-0.0001180799057,-77.31167079,nan,0,
2.420159681e-05,-8.963639053e-05,-79.64601553,nan,0,0.0001208895736,-77.12645141,nan,0,
2.44510978e-05,8.035087631e-05,-80.36174243,nan,0,-0.0001062694638,-77.40525257,nan,0,
2.47005988e-05,-8.596252886e-05,-80.18047634,nan,0,9.894222648e-05,-78.48581331,nan,0,
2.49500998e-05,8.010587234e-05,-80.09721662,nan,0,-0.0001011003103,-78.10446239,nan,0,
2.51996008e-05,-7.308731215e-05,-80.77957379,nan,0,0.000100833465,-78.27675176,nan,0,
2.54491018e-05,6.541357697e-05,-81.46358122,nan,0,-8.830654803e-05,-78.5942117,nan,0,
2.569860279e-05,-6.935509807e-05,-81.31418544,nan,0,9.232711225e-05,-79.2954623,nan,0,
2.594810379e-05,6.098747932e-05,-81.60509733,nan,0,-9.800899943e-05,-78.16085266,nan,0,
2.619760479e-05,-5.542321684e-05,-82.47963971,nan,0,8.555494726e-05,-79.0904336,nan,0,
2.644710579e-05,5.405691258e-05,-82.70934896,nan,0,-8.512243221e-05,-79.27713477,nan,0,
2.669660679e-05,-5.105469859e-05,-82.70248335,nan,0,8.980412449e-05,-78.8172445,nan,0,
2.694610778e-05,6.471961325e-06,-86.70071236,nan,0,-3.352175729e-05,-81.13493736,nan,0,
2.719560878e-05,-5.562419997e-05,-79.99694807,nan,0,9.268907373e-05,-78.36413594,nan,0,
2.744510978e-05,0.0002101672986,-73.5241782,nan,0,-0.0002542814831,-71.7145667,nan,0,
2.769461078e-05,-0.0001657738766,-73.24987472,nan,0,0.0001966443342,-71.48056573,nan,0,
2.794411178e-05,8.4600751e-05,-74.12361651,nan,0,-0.000105336956,-72.54486745,nan,0,
2.819361277e-05,-2.955574896e-05,-75.24842107,nan,0,5.011283602e-05,-74.14338712,nan,0,
2.844311377e-05,-1.242181319e-05,-76.31231917,nan,0,-1.403566563e-05,-75.09316608,nan,0,
2.869261477e-05,3.772520713e-05,-77.74943437,nan,0,-9.077144454e-06,-77.06377116,nan,0,
2.894211577e-05,-5.342629525e-05,-78.97859402,nan,0,1.850300208e-05,-78.74050906,nan,0,
2.919161677e-05,5.413436859e-05,-80.9083985,nan,0,-1.297739021e-05,-80.93994739,nan,0,
2.944111776e-05,-5.286941832e-05,-82.46078741,nan,0,1.34974303e-05,-81.92657774,nan,0,
2.969061876e-05,4.715840126e-05,-84.42747771,nan,0,-6.216241829e-06,-84.94804956,nan,0,
2.994011976e-05,-3.960695283e-05,-86.23322547,nan,0,-7.618352451e-06,-85.59830527,nan,0,
3.018962076e-05,3.026183124e-05,-89.08466867,nan,0,1.693301904e-05,-86.36638606,nan,0,
3.043912176e-05,-2.430114399e-05,-90.44096804,nan,0,-2.183020927e-05,-86.02491125,nan,0,
3.068862275e-05,1.41986815e-05,-94.0143975,nan,0,3.866629914e-05,-85.1368084,nan,0,
3.093812375e-05,-8.567535629e-06,-94.09837296,nan,0,-4.663788346e-05,-82.59697658,nan,0,
3.118762475e-05,3.934673317e-06,-93.83158422,nan,0,4.460083754e-05,-82.87285243,nan,0,
3.143712575e-05,-1.876713232e-06,-91.73891003,nan,0,-5.082032293e-05,-81.80171341,nan,0,
3.168662675e-05,1.852747756e-07,-90.15301377,nan,0,5.546545716e-05,-80.84041261,nan,0,
3.193612774e-05,-4.14356627e-06,-88.62877616,nan,0,-4.688361325e-05,-80.03437392,nan,0,
3.218562874e-05,7.845762066e-06,-87.92823982,nan,0,4.31898962e-05,-80.54552575,nan,0,
3.243512974e-05,-1.125947718e-05,-86.86170283,nan,0,-4.191197292e-05,-79.52326472,nan,0,
3.268463074e-05,1.600151994e-05,-86.1485329,nan,0,3.346067609e-05,-79.45988315,nan,0,
3.293413174e-05,-2.401715528e-05,-85.14872954,nan,0,-1.969218503e-05,-79.11785698,nan,0,
3.318363273e-05,3.114998689e-05,-84.58570979,nan,0,1.654469184e-05,-79.87974928,nan,0,
3.343313373e-05,-3.832584589e-05,-83.91236623,nan,0,-6.93594888e-06,-78.88920584,nan,0,
3.368263473e-05,4.981236506e-05,-83.19489678,nan,0,-4.366992873e-06,-79.61786465,nan,0,
3.393213573e-05,-5.732727443e-05,-82.63677005,nan,0,1.490492776e-05,-79.40771746,nan,0,
3.418163673e-05,6.524466894e-05,-82.43772373,nan,0,-1.706809481e-05,-79.88811701,nan,0,
3.443113772e-05,-7.403676359e-05,-81.71742827,nan,0,3.415048865e-05,-79.18903478,nan,0,
3.468063872e-05,8.008315056e-05,-81.57174065,nan,0,-4.13059588e-05,-80.37272596,nan,0,
3.493013972e-05,-8.623277832e-05,-81.10414929,nan,0,4.390015593e-05,-80.39408277,nan,0,
3.517964072e-05,8.847326503e-05,-81.0417987,nan,0,-5.250049403e-05,-80.63488164,nan,0,
3.542914172e-05,-9.493067035e-05,-80.45140813,nan,0,6.105501812e-05,-80.80883116,nan,0,
3.567864271e-05,9.437783439e-05,-80.40819442,nan,0,-5.768465543e-05,-82.28903273,nan,0,
3.592814371e-05,-9.656231192e-05,-80.10840476,nan,0,6.079631772e-05,-81.77547163,nan,0,
3.617764471e-05,9.654787644e-05,-79.78429943,nan,0,-6.740240886e-05,-82.31866501,nan,0,
3.642714571e-05,-9.655285828e-05,-79.56697188,nan,0,6.474536235e-05,-83.17364003,nan,0,
3.667664671e-05,9.318520377e-05,-79.33116293,nan,0,-5.773505768e-05,-84.44780325,nan,0,
3.69261477e-05,-9.215957503e-05,-78.98090137,nan,0,6.100921499e-05,-84.0847988,nan,0,
3.71756487e-05,8.61034846e-05,-78.76235626,nan,0,-5.532368235e-05,-85.04387433,nan,0,
3.74251497e-05,-7.912540713e-05,-78.64671029,nan,0,4.580716982e-05,-86.69137148,nan,0,
3.76746507e-05,7.020164858e-05,-78.53940509,nan,0,-4.139024326e-05,-87.00523276,nan,0,
3.79241517e-05,-6.58306678e-05,-78.35570623,nan,0,3.955697697e-05,-87.12192703,nan,0,
3.817365269e-05,5.17287532e-05,-78.30413795,nan,0,-2.685136089e-05,-87.03237474,nan,0,
3.842315369e-05,-4.346209096e-05,-78.44715371,nan,0,1.922559798e-05,-89.60394881,nan,0,
3.867265469e-05,3.477042726e-05,-78.12374039,nan,0,-1.134608151e-05,-87.56344452,nan,0,
3.892215569e-05,-2.562333263e-05,-78.30239826,nan,0,2.509858747e-06,-88.37152781,nan,0,
3.917165669e-05,1.397267475e-05,-78.03365953,nan,0,1.185506394e-05,-87.12958949,nan,0,
3.942115768e-05,-5.337806452e-06,-78.02260613,nan,0,-1.543384422e-05,-88.86261965,nan,0,
3.967065868e-05,-6.638240181e-06,-77.88731568,nan,0,2.42780314e-05,-86.27436961,nan,0,
3.992015968e-05,1.732215767e-05,-78.02348333,nan,0,-3.677684473e-05,-86.13164871,nan,0,
4.016966068e-05,-3.071026597e-05,-77.83450377,nan,0,4.173692741e-05,-85.65100997,nan,0,
4.041916168e-05,3.689871089e-05,-78.14644376,nan,0,-4.535506167e-05,-85.54042797,nan,0,
4.066866267e-05,-5.017284204e-05,-77.97995647,nan,0,5.849499727e-05,-83.7157713,nan,0,
4.091816367e-05,5.661256858e-05,-78.24111688,nan,0,-6.47440975e-05,-83.65760069,nan,0,
4.116766467e-05,-6.533592059e-05,-78.182587,nan,0,6.452088325e-05,-83.61027494,nan,0,
4.141716567e-05,7.020224728e-05,-78.59506219,nan,0,-7.394568684e-05,-82.59211538,nan,0,
4.166666667e-05,-8.003357314e-05,-78.29118655,nan,0,8.27769958e-05,-81.64148345,nan,0,
4.191616766e-05,8.179030097e-05,-78.79948716,nan,0,-7.790069731e-05,-81.97609849,nan,0,
4.216566866e-05,-8.72451972e-05,-78.6844386,nan,0,8.328841396e-05,-81.5145083,nan,0,
4.241516966e-05,9.406018479e-05,-78.74355927,nan,0,-8.913325817e-05,-80.55800304,nan,0,
4.266467066e-05,-9.784746028e-05,-78.83352254,nan,0,8.83072864e-05,-80.42619022,nan,0,
4.291417166e-05,9.943257697e-05,-79.10623633,nan,0,-8.14244397e-05,-80.61139246,nan,0,
4.316367265e-05,-0.0001030932475,-79.05610038,nan,0,8.701007453e-05,-80.17804009,nan,0,
4.341317365e-05,0.0001031327205,-79.42643953,nan,0,-8.592372057e-05,-79.36896265,nan,0,
4.366267465e-05,-0.0001022670636,-79.60424393,nan,0,8.101218011e-05,-79.68914075,nan,0,
4.391217565e-05,9.917168606e-05,-80.03369579,nan,0,-7.809397901e-05,-79.35790176,nan,0,
4.416167665e-05,-9.86919582e-05,-80.10634745,nan,0,8.003137363e-05,-78.82589286,nan,0,
4.441117764e-05,9.340474832e-05,-80.58855435,nan,0,-6.802668308e-05,-78.61232893,nan,0,
4.466067864e-05,-9.061888063e-05,-80.7878812,nan,0,6.260749072e-05,-79.05738437,nan,0,
4.491017964e-05,8.788322577e-05,-80.94023756,nan,0,-6.052290454e-05,-78.36175684,nan,0,
4.515968064e-05,-8.439258962e-05,-81.13762952,nan,0,5.151834921e-05,-78.52439804,nan,0,
4.540918164e-05,7.655805297e-05,-81.56546036,nan,0,-4.057105665e-05,-78.46320877,nan,0,
4.565868263e-05,-7.394955447e-05,-81.74880758,nan,0,4.105213379e-05,-78.59735366,nan,0,
4.590818363e-05,6.562787295e-05,-82.00562627,nan,0,-3.233344082e-05,-77.83061593,nan,0,
4.615768463e-05,-6.006813297e-05,-82.43547674,nan,0,1.805584524e-05,-78.43804971,nan,0,
4.640718563e-05,5.008769653e-05,-82.76328274,nan,0,-1.567697139e-05,-78.30716195,nan,0,
4.665668663e-05,-4.442138126e-05,-83.37742851,nan,0,1.119252249e-05,-78.32122437,nan,0,
4.690618762e-05,3.585610878e-05,-83.56958331,nan,0,3.851533977e-06,-77.75143153,nan,0,
4.715568862e-05,-2.883895999e-05,-84.54892079,nan,0,-8.390975047e-06,-78.79483871,nan,0,
4.740518962e-05,2.473100226e-05,-84.28260316,nan,0,1.189550217e-05,-78.03279043,nan,0,
4.765469062e-05,-1.857032157e-05,-84.98579929,nan,0,-2.175813334e-05,-78.14792821,nan,0,
4.790419162e-05,9.751740274e-06,-84.99877457,nan,0,3.505851829e-05,-78.14182179,nan,0,
4.815369261e-05,-7.208518573e-06,-85.43640634,nan,0,-3.419708249e-05,-78.88136173,nan,0,
4.840319361e-05,-9.686721777e-07,-85.0934257,nan,0,4.081103078e-05,-78.24288367,nan,0,
4.865269461e-05,7.235826608e-06,-85.71967755,nan,0,-4.813290032e-05,-78.72504973,nan,0,
4.890219561e-05,-1.659242482e-05,-85.38943555,nan,0,5.330169161e-05,-78.57822736,nan,0,
4.915169661e-05,1.972454315e-05,-86.23931138,nan,0,-5.387904186e-05,-79.01075927,nan,0,
4.94011976e-05,-2.606366895e-05,-86.06839524,nan,0,6.581625488e-05,-78.34103344,nan,0,
4.96506986e-05,3.054125364e-05,-86.51113004,nan,0,-7.078712119e-05,-79.04687892,nan,0,
4.99001996e-05,-3.410750398e-05,-86.32891933,nan,0,6.964864305e-05,-79.03055889,nan,0,
5.01497006e-05,3.669054196e-05,-86.77305299,nan,0,-7.530193248e-05,-79.15695061,nan,0,
5.03992016e-05,-4.16249077e-05,-86.25419193,nan,0,8.256415375e-05,-79.08609955,nan,0,
5.064870259e-05,4.200763856e-05,-86.66015765,nan,0,-7.841302676e-05,-79.92885126,nan,0,
5.089820359e-05,-4.680896786e-05,-86.10303951,nan,0,8.15013327e-05,-79.40178888,nan,0,
5.114770459e-05,4.843388787e-05,-86.06770365,nan,0,-8.942648697e-05,-79.5668796,nan,0,
5.139720559e-05,-5.354267283e-05,-85.35787223,nan,0,8.733679133e-05,-80.05685126,nan,0,
5.164670659e-05,5.27768235e-05,-85.54166443,nan,0,-8.143570713e-05,-80.67320026,nan,0,
5.189620758e-05,-5.510469243e-05,-85.13623077,nan,0,9.119738975e-05,-79.92206421,nan,0,
5.214570858e-05,5.407782004e-05,-84.97229022,nan,0,-8.551031576e-05,-80.97772857,nan,0,
5.239520958e-05,-5.230286677e-05,-85.16341659,nan,0,8.16482447e-05,-81.21705195,nan,0,
5.264471058e-05,5.01092904e-05,-85.09001665,nan,0,-8.404465957e-05,-81.19595519,nan,0,
5.289421158e-05,-5.084882172e-05,-84.67672696,nan,0,8.602860338e-05,-81.08779176,nan,0,
5.314371257e-05,4.60240571e-05,-85.01623288,nan,0,-7.872513813e-05,-82.05567532,nan,0,
5.339321357e-05,-4.598019823e-05,-84.87457162,nan,0,7.574858994e-05,-82.2873909,nan,0,
5.364271457e-05,4.499503673e-05,-84.38176546,nan,0,-7.608618567e-05,-82.37329016,nan,0,
5.389221557e-05,-4.532316765e-05,-84.20798148,nan,0,7.144735938e-05,-82.92022413,nan,0,
5.414171657e-05,3.958333572e-05,-84.01719351,nan,0,-6.612647704e-05,-83.58300101,nan,0,
5.439121756e-05,-3.911625796e-05,-83.84320434,nan,0,6.890475068e-05,-83.23494436,nan,0,
5.464071856e-05,3.506521495e-05,-83.53513122,nan,0,-6.637857341e-05,-83.37741707,nan,0,
5.489021956e-05,-3.079044666e-05,-83.85291361,nan,0,5.761636735e-05,-84.7005398,nan,0,
5.513972056e-05,2.665181796e-05,-83.34272807,nan,0,-5.801030543e-05,-84.48410939,nan,0,
5.538922156e-05,-2.454033467e-05,-83.61065707,nan,0,5.782597096e-05,-84.4661138,nan,0,
5.563872255e-05,1.890838163e-05,-83.47973195,nan,0,-4.849839167e-05,-85.38734996,nan,0,
5.588822355e-05,-1.744264202e-05,-83.6254948,nan,0,4.594014359e-05,-86.49975397,nan,0,
5.613772455e-05,1.395393023e-05,-83.38822136,nan,0,-4.864801652e-05,-85.42226002,nan,0,
5.638722555e-05,-1.335717979e-05,-83.30552927,nan,0,4.116213765e-05,-86.47763338,nan,0,
5.663672655e-05,5.726940967e-06,-83.07426115,nan,0,-3.367933225e-05,-87.75543359,nan,0,
5.688622754e-05,-7.382900239e-06,-83.16615257,nan,0,3.743700544e-05,-87.58072442,nan,0,
5.713572854e-05,9.246847312e-07,-82.57389637,nan,0,-3.216752801e-05,-87.02942655,nan,0,
5.738522954e-05,4.231548647e-06,-82.82126001,nan,0,2.376392598e-05,-90.10834435,nan,0,
5.763473054e-05,-8.932743456e-06,-82.59979267,nan,0,-2.354252791e-05,-89.68287221,nan,0,
5.788423154e-05,1.139445837e-05,-82.80705031,nan,0,2.501811932e-05,-89.69066356,nan,0,
5.813373253e-05,-1.801655374e-05,-82.66950831,nan,0,-1.498329757e-05,-89.90770431,nan,0,
5.838323353e-05,2.028680898e-05,-83.10204002,nan,0,1.302368894e-05,-94.14704617,nan,0,
5.863273453e-05,-2.114414891e-05,-82.93653294,nan,0,-1.189932493e-05,-91.87418027,nan,0,
5.888223553e-05,2.330564632e-05,-83.26592809,nan,0,8.061660174e-06,-94.22973203,nan,0,
5.913173653e-05,-2.88763724e-05,-82.71622036,nan,0,-2.217184305e-06,-95.90452833,nan,0,
5.938123752e-05,2.90442731e-05,-83.0611647,nan,0,6.785108869e-06,-100.4799777,nan,0,
5.963073852e-05,-3.499437013e-05,-82.73164679,nan,0,-4.394119767e-06,-95.96931861,nan,0,
5.988023952e-05,3.744006302e-05,-83.05048327,nan,0,-9.711538943e-07,-104.4738015,nan,0,
6.012974052e-05,-4.027803627e-05,-82.90081261,nan,0,-1.919988868e-06,-103.1028805,nan,0,
6.037924152e-05,4.222674101e-05,-83.28253208,nan,0,3.439997322e-06,-105.078083,nan,0,
6.062874251e-05,-4.434967972e-05,-83.26900254,nan,0,5.002658592e-06,-101.0703858,nan,0,
6.087824351e-05,4.518971976e-05,-83.6575821,nan,0,-2.538146488e-06,-102.4860193,nan,0,
6.112774451e-05,-4.581627327e-05,-83.64966829,nan,0,-2.159163226e-06,-112.4335921,nan,0,
6.137724551e-05,4.679424263e-05,-83.96251209,nan,0,-3.407001582e-06,-108.4958678,nan,0,
6.162674651e-05,-4.819411283e-05,-83.86319707,nan,0,6.407948766e-06,-101.5141082,nan,0,
6.18762475e-05,4.727285336e-05,-84.24449483,nan,0,8.895155838e-07,-97.60860731,nan,0,
6.21257485e-05,-4.921468926e-05,-84.00397459,nan,0,2.222596423e-06,-109.6005912,nan,0,
6.23752495e-05,5.156564971e-05,-84.23010864,nan,0,-5.248001394e-06,-95.84890981,nan,0,
6.26247505e-05,-5.264375402e-05,-84.07320658,nan,0,1.170576666e-06,-96.77274032,nan,0,
6.28742515e-05,5.226505614e-05,-84.52902218,nan,0,1.501305255e-06,-94.87573377,nan,0,
6.31237525e-05,-5.383435695e-05,-84.45232285,nan,0,8.865292032e-07,-99.5093233,nan,0,
6.337325349e-05,5.20892885e-05,-85.12932427,nan,0,-9.820270264e-07,-91.65247229,nan,0,
6.362275449e-05,-5.054007183e-05,-85.28190696,nan,0,-3.708989335e-06,-94.61240543,nan,0,
6.387225549e-05,4.925449568e-05,-85.69481673,nan,0,2.7702362e-06,-92.76875327,nan,0,
6.412175649e-05,-4.949558787e-05,-85.70782977,nan,0,-1.140377129e-06,-92.69823883,nan,0,
6.437125749e-05,4.775625182e-05,-86.13992209,nan,0,8.998921231e-06,-89.48635885,nan,0,
6.462075848e-05,-4.771525265e-05,-86.17426086,nan,0,-1.143596667e-05,-92.02049933,nan,0,
6.487025948e-05,4.678737653e-05,-86.49978741,nan,0,8.672718126e-06,-89.71841539,nan,0,
6.511976048e-05,-4.728490529e-05,-86.40121926,nan,0,-1.358069484e-05,-90.08148202,nan,0,
6.536926148e-05,4.360984388e-05,-87.20297153,nan,0,1.801785246e-05,-88.96007232,nan,0,
6.561876248e-05,-4.349603575e-05,-87.2301721,nan,0,-1.522229532e-05,-90.46675451,nan,0,
6.586826347e-05,3.948053103e-05,-88.05159431,nan,0,1.96606375e-05,-87.58814638,nan,0,
6.611776447e-05,-3.741999017e-05,-88.5050129,nan,0,-2.653714536e-05,-88.48078588,nan,0,
6.636726547e-05,3.290565926e-05,-89.55376684,nan,0,2.453188955e-05,-88.59546452,nan,0,
6.661676647e-05,-3.377649004e-05,-89.37369783,nan,0,-2.278685823e-05,-88.87827221,nan,0,
6.686626747e-05,2.943065055e-05,-90.34181523,nan,0,3.233553717e-05,-86.48925156,nan,0,
6.711576846e-05,-2.772016654e-05,-91.09293289,nan,0,-3.191704313e-05,-88.4595934,nan,0,
6.736526946e-05,2.703332288e-05,-90.96903829,nan,0,3.052031381e-05,-87.36572677,nan,0,
6.761477046e-05,-2.52478987e-05,-91.68939309,nan,0,-3.550405231e-05,-87.01830382,nan,0,
6.786427146e-05,2.127602396e-05,-92.53629436,nan,0,4.203256666e-05,-86.21883017,nan,0,
6.811377246e-05,-2.14223702e-05,-92.78794905,nan,0,-3.776334698e-05,-87.59953916,nan,0,
6.836327345e-05,1.635178381e-05,-93.8314117,nan,0,3.938575277e-05,-86.42761659,nan,0,
6.861277445e-05,-1.338299557e-05,-95.97503478,nan,0,-4.414737151e-05,-86.57733031,nan,0,
6.886227545e-05,9.644796685e-06,-97.17122889,nan,0,4.4819568e-05,-86.31444597,nan,0,
6.911177645e-05,-9.494274112e-06,-98.23227365,nan,0,-4.183375374e-05,-87.01526892,nan,0,
6.936127745e-05,4.859138402e-06,-101.52585,nan,0,5.026030348e-05,-85.37953074,nan,0,
6.961077844e-05,-3.355776242e-06,-103.9361484,nan,0,-5.195314363e-05,-85.59071459,nan,0,
6.986027944e-05,1.851056357e-06,-106.4498129,nan,0,4.807312201e-05,-86.1295712,nan,0,
7.010978044e-05,-1.171108157e-06,-113.5140925,nan,0,-5.240409533e-05,-85.5647768,nan,0,
7.035928144e-05,-3.426599733e-06,-105.442614,nan,0,5.608944083e-05,-84.99158691,nan,0,
7.060878244e-05,2.979532622e-06,-109.9905118,nan,0,-5.026649609e-05,-85.94350807,nan,0,
7.085828343e-05,-6.982657196e-06,-103.1021298,nan,0,5.381141886e-05,-85.34146586,nan,0,
7.110778443e-05,9.028854239e-06,-100.3872379,nan,0,-5.826701582e-05,-84.57802298,nan,0,
7.135728543e-05,-1.092739618e-05,-98.39686317,nan,0,5.236366252e-05,-85.44156426,nan,0,
7.160678643e-05,1.171418504e-05,-96.56214322,nan,0,-5.061419284e-05,-85.66153605,nan,0,
7.185628743e-05,-1.305746173e-05,-95.5921927,nan,0,5.586668893e-05,-84.93794127,nan,0,
7.210578842e-05,1.408740917e-05,-93.16914203,nan,0,-5.259312358e-05,-84.65761773,nan,0,
7.235528942e-05,-1.251227702e-05,-93.54986342,nan,0,4.79669683e-05,-85.86313391,nan,0,
7.260479042e-05,1.125195757e-05,-92.94031599,nan,0,-5.043625618e-05,-85.16816325,nan,0,
7.285429142e-05,-1.314755383e-05,-92.21947647,nan,0,5.176925052e-05,-84.76546757,nan,0,
7.310379242e-05,1.131596026e-05,-91.80008149,nan,0,-4.590670253e-05,-84.77194704,nan,0,
7.335329341e-05,-1.340955442e-05,-91.52313682,nan,0,4.224887675e-05,-86.07594602,nan,0,
7.360279441e-05,1.36712459e-05,-90.14804115,nan,0,-4.47685203e-05,-84.67390186,nan,0,
7.385229541e-05,-1.360918639e-05,-90.12002268,nan,0,3.923774298e-05,-85.54061794,nan,0,
7.410179641e-05,1.323477778e-05,-88.84188089,nan,0,-3.572897679e-05,-85.67941847,nan,0,
7.435129741e-05,-1.28473076e-05,-88.77170246,nan,0,4.023479107e-05,-85.55434688,nan,0,
7.46007984e-05,1.13634255e-05,-87.87980257,nan,0,-3.562237823e-05,-84.66860274,nan,0,
7.48502994e-05,-9.147373082e-06,-87.83955726,nan,0,3.060413738e-05,-85.77981045,nan,0,
7.50998004e-05,7.830697643e-06,-87.33384409,nan,0,-2.984205917e-05,-85.32921037,nan,0,
7.53493014e-05,-7.764793421e-06,-87.40055396,nan,0,3.110509158e-05,-84.95437017,nan,0,
7.55988024e-05,4.932969138e-06,-86.70843767,nan,0,-2.12065417e-05,-84.89340391,nan,0,
7.584830339e-05,-4.404387486e-06,-86.7743804,nan,0,2.058014228e-05,-86.51737636,nan,0,
7.609780439e-05,3.86533761e-06,-86.306465,nan,0,-2.251579298e-05,-84.60437859,nan,0,
7.634730539e-05,-2.239360764e-06,-86.0523204,nan,0,1.47089306e-05,-85.05074961,nan,0,
7.659680639e-05,-6.842095228e-07,-85.49963134,nan,0,-8.742339657e-06,-85.50917603,nan,0,
7.684630739e-05,-1.57093001e-07,-85.5903041,nan,0,1.182649009e-05,-85.93913502,nan,0,
7.709580838e-05,-4.215725561e-06,-84.63910406,nan,0,-4.866859359e-06,-84.31703488,nan,0,
7.734530938e-05,8.577654033e-06,-84.82341178,nan,0,-8.783724368e-07,-86.14419869,nan,0,
7.759481038e-05,-1.097826329e-05,-84.50387011,nan,0,1.412881415e-06,-85.73983544,nan,0,
7.784431138e-05,1.161834192e-05,-84.81975907,nan,0,6.528164534e-08,-85.7791194,nan,0,
7.809381238e-05,-1.682890659e-05,-84.29427704,nan,0,9.400750247e-06,-84.71849602,nan,0,
7.834331337e-05,1.593693376e-05,-84.89805293,nan,0,-1.209662394e-05,-86.56378941,nan,0,
7.859281437e-05,-1.729962907e-05,-84.38238733,nan,0,1.339129313e-05,-85.24417876,nan,0,
7.884231537e-05,1.813132516e-05,-84.37364781,nan,0,-1.654065262e-05,-85.8259381,nan,0,
7.909181637e-05,-2.254476987e-05,-83.81456182,nan,0,2.295884877e-05,-85.73865409,nan,0,
7.934131737e-05,2.314861251e-05,-83.97394027,nan,0,-1.854259159e-05,-87.13620382,nan,0,
7.959081836e-05,-2.63384357e-05,-83.68921854,nan,0,2.283957147e-05,-85.32061555,nan,0,
7.984031936e-05,2.879121632e-05,-83.82334574,nan,0,-2.888933971e-05,-86.32048932,nan,0,
8.008982036e-05,-3.06646759e-05,-83.49364051,nan,0,2.602595906e-05,-86.25058204,nan,0,
8.033932136e-05,3.21512041e-05,-83.86058527,nan,0,-2.733775284e-05,-86.39352506,nan,0,
8.058882236e-05,-3.477451003e-05,-83.39636941,nan,0,3.664358821e-05,-85.1501124,nan,0,
8.083832335e-05,3.508696823e-05,-83.82557368,nan,0,-3.463424206e-05,-87.07130921,nan,0,
8.108782435e-05,-3.721476342e-05,-83.40606487,nan,0,3.231878524e-05,-86.14779889,nan,0,
8.133732535e-05,3.712087358e-05,-83.77618246,nan,0,-3.962435356e-05,-85.74609422,nan,0,
8.158682635e-05,-3.967927672e-05,-83.30738576,nan,0,4.37387028e-05,-85.53585828,nan,0,
8.183632735e-05,3.94988243e-05,-83.51756892,nan,0,-3.845333292e-05,-87.09839,nan,0,
8.208582834e-05,-4.275263906e-05,-82.8856824,nan,0,4.421543944e-05,-85.30506571,nan,0,
8.233532934e-05,4.665416264e-05,-83.04648217,nan,0,-4.724119194e-05,-85.86309549,nan,0,
8.258483034e-05,-4.883835743e-05,-82.7956096,nan,0,4.696453751e-05,-85.99430053,nan,0,
8.283433134e-05,4.84231746e-05,-83.20203815,nan,0,-4.306426011e-05,-86.74220448,nan,0,
8.308383234e-05,-5.225039293e-05,-82.81617852,nan,0,5.126287699e-05,-85.19484828,nan,0,
8.333333333e-05,5.158635416e-05,-83.20153018,nan,0,-5.177772304e-05,-85.69529633,nan,0,
8.358283433e-05,-5.27930458e-05,-83.0515079,nan,0,4.978022014e-05,-85.79059534,nan,0,
8.383233533e-05,5.106771396e-05,-83.44668172,nan,0,-5.110224615e-05,-85.81446557,nan,0,
8.408183633e-05,-5.568890773e-05,-82.79810745,nan,0,5.386946498e-05,-85.36997882,nan,0,
8.433133733e-05,5.454652007e-05,-83.20514002,nan,0,-4.750811637e-05,-86.39059587,nan,0,
8.458083832e-05,-5.60424469e-05,-82.93633123,nan,0,4.879359185e-05,-86.23245294,nan,0,
8.483033932e-05,5.973947345e-05,-82.85096666,nan,0,-5.262064812e-05,-85.40608397,nan,0,
8.507984032e-05,-6.046445832e-05,-82.77782808,nan,0,4.727162846e-05,-86.36146359,nan,0,
8.532934132e-05,5.841248136e-05,-83.32596794,nan,0,-4.628013923e-05,-86.39149248,nan,0,
8.557884232e-05,-6.212493478e-05,-82.81726613,nan,0,5.1408003e-05,-85.63179584,nan,0,
8.582834331e-05,5.961817115e-05,-83.45379956,nan,0,-4.764521016e-05,-85.4497281,nan,0,
8.607784431e-05,-6.01236116e-05,-83.28214241,nan,0,4.226865555e-05,-86.97979898,nan,0,
8.632734531e-05,5.90480561e-05,-83.5915871,nan,0,-4.755199854e-05,-85.69382671,nan,0,
8.657684631e-05,-6.049366292e-05,-83.29750129,nan,0,4.719064493e-05,-85.60639028,nan,0,
8.682634731e-05,5.981511932e-05,-83.50779919,nan,0,-4.02780572e-05,-85.86637755,nan,0,
8.70758483e-05,-6.180979695e-05,-83.18775405,nan,0,4.211650204e-05,-86.60496061,nan,0,
8.73253493e-05,6.375668985e-05,-83.18514414,nan,0,-4.365742625e-05,-85.04943108,nan,0,
8.75748503e-05,-6.346682327e-05,-83.27674737,nan,0,3.750309772e-05,-86.13279964,nan,0,
8.78243513e-05,6.29591583e-05,-83.43119983,nan,0,-3.459630284e-05,-86.44817667,nan,0,
8.80738523e-05,-6.472712019e-05,-83.25366016,nan,0,3.946921655e-05,-86.06997119,nan,0,
8.832335329e-05,6.16998449e-05,-83.84574563,nan,0,-3.598747099e-05,-85.0115095,nan,0,
8.857285429e-05,-6.152769553e-05,-83.77253633,nan,0,3.209831517e-05,-86.47869853,nan,0,
8.882235529e-05,5.970366764e-05,-84.11951192,nan,0,-3.147886144e-05,-85.68717799,nan,0,
8.907185629e-05,-6.132221112e-05,-83.80402964,nan,0,3.199120482e-05,-85.70709914,nan,0,
8.932135729e-05,5.968969555e-05,-84.1191134,nan,0,-2.419740875e-05,-85.26756792,nan,0,
8.957085828e-05,-6.192985999e-05,-83.79771449,nan,0,2.344183523e-05,-86.95803918,nan,0,
8.982035928e-05,6.214166896e-05,-83.87756063,nan,0,-2.528999157e-05,-85.30374074,nan,0,
9.006986028e-05,-6.109216202e-05,-83.99394668,nan,0,1.895030108e-05,-86.35917662,nan,0,
9.031936128e-05,5.964350997e-05,-84.32286764,nan,0,-1.672838713e-05,-86.40982017,nan,0,
9.056886228e-05,-6.207979108e-05,-83.92203365,nan,0,1.993699866e-05,-86.55872517,nan,0,
9.081836327e-05,5.800042044e-05,-84.62842619,nan,0,-1.576248671e-05,-85.18314425,nan,0,
9.106786427e-05,-5.706034747e-05,-84.68370057,nan,0,8.596543442e-06,-87.31806571,nan,0,
9.131736527e-05,5.584872085e-05,-84.91578445,nan,0,-1.239886059e-05,-86.66562273,nan,0,
9.156686627e-05,-5.782584245e-05,-84.53284549,nan,0,1.347143367e-05,-86.34468702,nan,0,
9.181636727e-05,5.541154756e-05,-84.99204685,nan,0,-4.061229186e-06,-85.89211236,nan,0,
9.206586826e-05,-5.639175267e-05,-84.66025591,nan,0,8.88808529e-06,-88.16999248,nan,0,
9.231536926e-05,5.890125687e-05,-84.47994582,nan,0,-8.076111903e-06,-85.6736862,nan,0,
9.256487026e-05,-5.746156755e-05,-84.61727313,nan,0,3.256520762e-06,-86.81116237,nan,0,
9.281437126e-05,5.668015018e-05,-84.83682271,nan,0,1.564137871e-06,-86.79224107,nan,0,
9.306387226e-05,-5.854255682e-05,-84.51338442,nan,0,5.255099095e-06,-87.9971057,nan,0,
9.331337325e-05,5.642498493e-05,-84.91766362,nan,0,-9.22208112e-07,-85.82135605,nan,0,
9.356287425e-05,-5.376300191e-05,-85.24111003,nan,0,-1.122408449e-06,-87.87503984,nan,0,
9.381237525e-05,5.354114197e-05,-85.33396565,nan,0,1.950633928e-06,-86.9809186,nan,0,
9.406187625e-05,-5.611309963e-05,-84.79158961,nan,0,8.039286348e-07,-86.80411967,nan,0,
9.431137725e-05,5.392256688e-05,-85.20881975,nan,0,7.568528043e-06,-86.31117878,nan,0,
9.456087824e-05,-5.717170576e-05,-84.6730673,nan,0,-6.822887738e-06,-88.3967206,nan,0,
9.481037924e-05,5.653215974e-05,-84.8300431,nan,0,4.541279556e-06,-86.98185355,nan,0,
9.505988024e-05,-5.709525579e-05,-84.6839529,nan,0,-8.367429673e-06,-87.64716953,nan,0,
9.530938124e-05,5.632165384e-05,-84.87208304,nan,0,8.841714647e-06,-87.71600294,nan,0,
9.555888224e-05,-5.968683804e-05,-84.32088628,nan,0,-3.639056651e-06,-89.01120507,nan,0,
9.580838323e-05,5.673618793e-05,-84.81953519,nan,0,8.089546789e-06,-86.46483671,nan,0,
9.605788423e-05,-5.787420621e-05,-84.56764934,nan,0,-1.219606664e-05,-88.81332772,nan,0,
9.630738523e-05,5.72974917e-05,-84.72273732,nan,0,6.472678055e-06,-88.48791861,nan,0,
9.655688623e-05,-6.061138837e-05,-84.1218214,nan,0,-5.364975156e-06,-88.61032671,nan,0,
9.680638723e-05,5.917728196e-05,-84.37066145,nan,0,1.069670448e-05,-87.20473411,nan,0,
9.705588822e-05,-6.346344857e-05,-83.68935438,nan,0,-6.97097556e-06,-90.36421325,nan,0,
9.730538922e-05,6.67519327e-05,-83.40172321,nan,0,3.612899921e-06,-87.42539549,nan,0,
9.755489022e-05,-6.770908409e-05,-83.2533118,nan,0,-8.805153731e-06,-88.23551692,nan,0,
9.780439122e-05,6.742395089e-05,-83.36438659,nan,0,1.06855273e-05,-87.77481403,nan,0,
9.805389222e-05,-7.066769314e-05,-82.96415859,nan,0,-3.842995263e-06,-89.61765699,nan,0,
9.830339321e-05,6.888129473e-05,-83.22347882,nan,0,5.285277786e-06,-86.8064741,nan,0,
9.855289421e-05,-6.763731328e-05,-83.35350909,nan,0,-8.669570591e-06,-88.53800109,nan,0,
9.880239521e-05,7.097339817e-05,-82.95666147,nan,0,4.871882613e-06,-87.53763432,nan,0,
9.905189621e-05,-7.22534097e-05,-82.79348159,nan,0,-4.606175294e-06,-87.14013017,nan,0,
9.930139721e-05,7.241371403e-05,-82.79786463,nan,0,1.166901339e-05,-86.3525183,nan,0,
9.95508982e-05,-7.57864082e-05,-82.40073039,nan,0,-9.381521621e-06,-87.90267657,nan,0,
9.98003992e-05,7.595133522e-05,-82.38822384,nan,0,6.969887983e-06,-86.56692407,nan,0,
0.0001000499002,-7.637854235e-05,-82.34010275,nan,0,-1.156714527e-05,-86.90456189,nan,0,
0.0001002994012,7.629655148e-05,-82.3308832,nan,0,1.170090409e-05,-86.49396995,nan,0,
0.0001005489022,-7.96210886e-05,-81.96819641,nan,0,-6.455490751e-06,-87.29776848,nan,0,
0.0001007984032,7.769554886e-05,-82.13242491,nan,0,1.093149785e-05,-85.07102631,nan,0,
0.0001010479042,-7.760178327e-05,-82.15436091,nan,0,-1.45121054e-05,-86.70993663,nan,0,
0.0001012974052,7.819202974e-05,-82.05658466,nan,0,9.757388856e-06,-86.10252699,nan,0,
0.0001015469062,-8.155170224e-05,-81.69598638,nan,0,-9.531783062e-06,-85.49924377,nan,0,
0.0001017964072,7.853383332e-05,-81.96717096,nan,0,1.653215464e-05,-84.61214592,nan,0,
0.0001020459082,-8.342150013e-05,-81.44784301,nan,0,-1.427706642e-05,-86.18790369,nan,0,
0.0001022954092,8.267751134e-05,-81.41163414,nan,0,1.282914239e-05,-84.15956732,nan,0,
0.0001025449102,-8.331965996e-05,-81.29660786,nan,0,-1.886992741e-05,-84.26045099,nan,0,
0.0001027944112,8.238967681e-05,-81.27587077,nan,0,2.198108981e-05,-84.11408353,nan,0,
0.0001030439122,-8.215302664e-05,-81.21871848,nan,0,-1.82137098e-05,-84.74104683,nan,0,
0.0001032934132,8.008691555e-05,-81.28187272,nan,0,2.094530193e-05,-83.02962832,nan,0,
0.0001035429142,-7.822061083e-05,-81.46446491,nan,0,-2.69852283e-05,-83.70678087,nan,0,
0.0001037924152,7.724496377e-05,-81.37242542,nan,0,2.64799228e-05,-83.11439203,nan,0,
0.0001040419162,-7.750299141e-05,-81.38656161,nan,0,-2.682486647e-05,-82.97388574,nan,0,
0.0001042914172,7.551685585e-05,-81.43410927,nan,0,3.717168502e-05,-82.06801494,nan,0,
0.0001045409182,-7.547188225e-05,-81.32570644,nan,0,-3.588425991e-05,-82.9425259,nan,0,
0.0001047904192,7.52523312e-05,-81.16435532,nan,0,3.613573847e-05,-82.16928828,nan,0,
0.0001050399202,-7.362305215e-05,-81.30657135,nan,0,-4.272625675e-05,-81.9995267,nan,0,
0.0001052894212,6.977092162e-05,-81.2977703,nan,0,4.649918198e-05,-81.83399794,nan,0,
0.0001055389222,-6.980949482e-05,-81.32696658,nan,0,-4.357732466e-05,-82.16455019,nan,0,
0.0001057884232,6.6042125e-05,-81.37642213,nan,0,4.954080915e-05,-81.06356203,nan,0,
0.0001060379242,-6.303781554e-05,-81.72602675,nan,0,-5.674705653e-05,-81.55347629,nan,0,
0.0001062874251,6.187640457e-05,-81.60092736,nan,0,5.238958786e-05,-81.55982637,nan,0,
0.0001065369261,-6.157480373e-05,-81.70293441,nan,0,-5.569484709e-05,-81.10904732,nan,0,
0.0001067864271,5.78132526e-05,-81.78153581,nan,0,6.491453579e-05,-80.47043195,nan,0,
0.0001070359281,-5.78324646e-05,-81.84831963,nan,0,-6.311024695e-05,-81.28067371,nan,0,
0.0001072854291,5.657818307e-05,-81.63129227,nan,0,6.365012192e-05,-80.52500309,nan,0,
0.0001075349301,-5.548099483e-05,-81.63495388,nan,0,-7.108164312e-05,-80.39815773,nan,0,
0.0001077844311,5.120370044e-05,-81.74418259,nan,0,7.706274841e-05,-80.02023721,nan,0,
0.0001080339321,-5.055981274e-05,-81.69364387,nan,0,-7.287272264e-05,-80.58840702,nan,0,
0.0001082834331,4.610448059e-05,-81.71297114,nan,0,7.719192633e-05,-79.77038955,nan,0,
0.0001085329341,-4.249994684e-05,-82.06055104,nan,0,-8.527969667e-05,-79.80143609,nan,0,
0.0001087824351,4.042358421e-05,-82.01369029,nan,0,8.460722552e-05,-79.64249167,nan,0,
0.0001090319361,-3.985991269e-05,-82.22929444,nan,0,-8.673796315e-05,-79.59596169,nan,0,
0.0001092814371,3.521092205e-05,-82.32389056,nan,0,9.756562458e-05,-78.7408741,nan,0,
0.0001095309381,-3.547104014e-05,-82.23035326,nan,0,-9.821894096e-05,-79.24728405,nan,0,
0.0001097804391,3.212109113e-05,-82.14380725,nan,0,9.852456599e-05,-78.93177384,nan,0,
0.0001100299401,-3.004035716e-05,-82.41267014,nan,0,-0.0001055976707,-78.70370578,nan,0,
0.0001102794411,2.468291523e-05,-82.16936751,nan,0,0.0001095650102,-78.46370773,nan,0,
0.0001105289421,-2.381778012e-05,-82.52676695,nan,0,-0.0001053523471,-78.94630123,nan,0,
0.0001107784431,1.788544637e-05,-82.47737022,nan,0,0.0001148054799,-78.09502498,nan,0,
0.0001110279441,-1.675606372e-05,-82.94401267,nan,0,-0.000119283086,-78.12943826,nan,0,
0.0001112774451,1.291208224e-05,-82.76691889,nan,0,0.0001173520637,-78.27079997,nan,0,
0.0001115269461,-1.13644044e-05,-83.19331741,nan,0,-0.0001192255161,-78.12751308,nan,0,
0.0001117764471,6.122130832e-06,-83.24962885,nan,0,0.0001279550411,-77.60750748,nan,0,
0.0001120259481,-7.298681752e-06,-83.46896504,nan,0,-0.0001264682476,-77.86534273,nan,0,
0.0001122754491,5.151935934e-06,-83.41024868,nan,0,0.0001266151892,-77.7418116,nan,0,
0.0001125249501,-2.144556614e-06,-83.42412506,nan,0,-0.0001348877836,-77.32818337,nan,0,
0.0001127744511,-1.144699567e-06,-83.21427707,nan,0,0.0001389545632,-77.10229469,nan,0,
0.0001130239521,4.213060108e-06,-83.50487378,nan,0,-0.0001340236606,-77.44741806,nan,0,
0.0001132734531,-9.5273886e-06,-83.41762032,nan,0,0.0001393788797,-77.08171191,nan,0,
0.0001135229541,1.242912154e-05,-83.86384393,nan,0,-0.0001427516705,-76.90778479,nan,0,
0.0001137724551,-1.442029227e-05,-83.83723432,nan,0,0.0001434374465,-76.86665596,nan,0,
0.0001140219561,1.480536583e-05,-84.45499479,nan,0,-0.0001453744602,-76.74324315,nan,0,
0.0001142714571,-2.017654474e-05,-84.02380349,nan,0,0.0001530280246,-76.29516904,nan,0,
0.0001145209581,2.126629282e-05,-84.28857376,nan,0,-0.0001522789756,-76.25125598,nan,0,
0.0001147704591,-2.380086622e-05,-84.3501916,nan,0,0.0001521512979,-76.29459085,nan,0,
0.0001150199601,2.621719509e-05,-84.56416101,nan,0,-0.0001562404582,-75.97990731,nan,0,
0.0001152694611,-3.059388191e-05,-84.20494138,nan,0,0.0001585094357,-75.82259731,nan,0,
0.0001155189621,3.172824893e-05,-84.64232368,nan,0,-0.0001535275086,-75.9671449,nan,0,
0.0001157684631,-3.577108273e-05,-84.43794578,nan,0,0.0001600943659,-75.67692823,nan,0,
0.0001160179641,3.934628733e-05,-84.61490613,nan,0,-0.0001636988166,-75.24542656,nan,0,
0.0001162674651,-4.166990706e-05,-84.53707194,nan,0,0.0001566958425,-75.54642136,nan,0,
0.0001165169661,4.276926696e-05,-85.11746437,nan,0,-0.0001578205776,-75.42934351,nan,0,
0.0001167664671,-4.528716477e-05,-84.96672916,nan,0,0.0001659228891,-74.9774396,nan,0,
0.0001170159681,4.535801975e-05,-85.3550277,nan,0,-0.0001581161554,-75.01344104,nan,0,
0.0001172654691,-4.543204834e-05,-85.41144489,nan,0,0.0001580860482,-75.13256476,nan,0,
0.0001175149701,4.772502811e-05,-85.30276081,nan,0,-0.0001631265025,-74.66442084,nan,0,
0.0001177644711,-5.354751817e-05,-84.61000691,nan,0,0.0001644713086,-74.46275585,nan,0,
0.0001180139721,5.236170628e-05,-85.16406333,nan,0,-0.0001561699235,-74.49918035,nan,0,
0.0001182634731,-5.674484168e-05,-84.51722622,nan,0,0.000158989025,-74.52960024,nan,0,
0.0001185129741,5.833366964e-05,-84.59321099,nan,0,-0.0001602754469,-74.03672716,nan,0,
0.000118762475,-6.058099163e-05,-84.29407469,nan,0,0.0001591849292,-74.05955386,nan,0,
0.000119011976,5.870740714e-05,-84.62608431,nan,0,-0.0001554704144,-73.93895322,nan,0,
0.000119261477,-6.199045814e-05,-84.13800274,nan,0,0.0001601900979,-73.69357639,nan,0,
0.000119510978,6.098148206e-05,-84.21209801,nan,0,-0.0001566684239,-73.30380371,nan,0,
0.000119760479,-6.026698332e-05,-84.20861191,nan,0,0.0001509052478,-73.53266578,nan,0,
0.00012000998,6.044744588e-05,-84.02164844,nan,0,-0.0001549645948,-73.06791112,nan,0,
0.000120259481,-6.411970524e-05,-83.50655742,nan,0,0.0001520547712,-72.90275434,nan,0,
0.000120508982,6.172640915e-05,-83.46204833,nan,0,-0.0001437374701,-72.81325174,nan,0,
0.000120758483,-6.469106403e-05,-82.94927669,nan,0,0.0001485720426,-72.71190484,nan,0,
0.000121007984,6.392560532e-05,-82.55881911,nan,0,-0.0001444393726,-72.21384659,nan,0,
0.000121257485,-6.397650904e-05,-82.21412308,nan,0,0.0001366393978,-72.2593717,nan,0,
0.000121506986,5.964032793e-05,-82.13068108,nan,0,-0.000137008577,-72.05530597,nan,0,
0.000121756487,-6.08398401e-05,-81.78098434,nan,0,0.0001362733589,-71.87646696,nan,0,
0.000122005988,5.679783649e-05,-81.64929068,nan,0,-0.0001327374599,-71.34418798,nan,0,
0.000122255489,-5.395674199e-05,-81.67761175,nan,0,0.0001266378162,-71.51047246,nan,0,
0.00012250499,5.490661975e-05,-81.25691737,nan,0,-0.0001315276419,-70.94861404,nan,0,
0.000122754491,-5.476027854e-05,-80.67192177,nan,0,0.0001287293618,-70.57702596,nan,0,
0.000123003992,5.198859618e-05,-80.45667182,nan,0,-0.000118460269,-70.28417418,nan,0,
0.000123253493,-5.025376298e-05,-79.8057703,nan,0,0.0001216513319,-70.06801314,nan,0,
0.000123502994,5.644619506e-05,-79.25817627,nan,0,-0.000117327578,-69.46878456,nan,0,
0.000123752495,-4.843619793e-05,-78.76828482,nan,0,0.000110552916,-69.20195831,nan,0,
0.000124001996,4.079708018e-05,-78.22104074,nan,0,-0.0001094333111,-68.79609853,nan,0,
0.000124251497,-4.921476024e-05,-77.65782628,nan,0,0.000112610301,-68.6448224,nan,0,
0.000124500998,0.0001138684603,-75.42002537,nan,0,-0.0001009155392,-69.47452464,nan,0,
0.000124750499,0.009393829644,-40.52356596,nan,0,-0.01297701132,-37.6592576,nan,0,
