Record Length,Analog:2160
Sample Interval,CH1:0.0000000010000
Vertical Units,CH1:V,,,
Vertical Scale,CH1:0.00,,,
Vertical Offset,CH1:-0.00152,,,
Horizontal Units,us,,,
Horizontal Scale,0.2000000000,,,
Model Number,SDS1204X-E,,,
Serial Number,SDSMMFCX5R6567,,,
Software Version,8.1.6.1.26,,,
Source,CH1
Second,Volt
 0.00000064000,0.01168
 0.00000064100,0.01168
 0.00000064200,0.01168
 0.00000064300,0.01168
 0.00000064400,0.01168
 0.00000064500,0.01168
 0.00000064600,0.01168
 0.00000064700,0.01168
 0.00000064800,0.01168
 0.00000064900,0.01168
 0.00000065000,0.01168
 0.00000065100,0.01168
 0.00000065200,0.01168
 0.00000065300,0.01168
 0.00000065400,0.01168
 0.00000065500,0.01168
 0.00000065600,0.01168
 0.00000065700,0.01168
 0.00000065800,0.01168
 0.00000065900,0.01168
 0.00000066000,0.01168
 0.00000066100,0.01168
 0.00000066200,0.01168
 0.00000066300,0.01168
 0.00000066400,0.01168
 0.00000066500,0.01168
 0.00000066600,0.01168
 0.00000066700,0.01168
 0.00000066800,0.01168
 0.00000066900,0.01168
 0.00000067000,0.01168
 0.00000067100,0.01168
 0.00000067200,0.01168
 0.00000067300,0.01168
 0.00000067400,0.01168
 0.00000067500,0.01168
 0.00000067600,0.01168
 0.00000067700,0.01168
 0.00000067800,0.01168
 0.00000067900,0.01168
 0.00000068000,0.01168
 0.00000068100,0.01168
 0.00000068200,0.01168
 0.00000068300,0.01168
 0.00000068400,0.01168
 0.00000068500,0.01168
 0.00000068600,0.01168
 0.00000068700,0.01168
 0.00000068800,0.01168
 0.00000068900,0.01168
 0.00000069000,0.01168
 0.00000069100,0.01168
 0.00000069200,0.01168
 0.00000069300,0.01168
 0.00000069400,0.01168
 0.00000069500,0.01168
 0.00000069600,0.01168
 0.00000069700,0.01168
 0.00000069800,0.01168
 0.00000069900,0.01168
 0.00000070000,0.01168
 0.00000070100,0.01168
 0.00000070200,0.01168
 0.00000070300,0.01168
 0.00000070400,0.01168
 0.00000070500,0.01168
 0.00000070600,0.01168
 0.00000070700,0.01168
 0.00000070800,0.01168
 0.00000070900,0.01168
 0.00000071000,0.01168
 0.00000071100,0.01168
 0.00000071200,0.01168
 0.00000071300,0.01168
 0.00000071400,0.01168
 0.00000071500,0.01168
 0.00000071600,0.01168
 0.00000071700,0.01168
 0.00000071800,0.01168
 0.00000071900,0.01168
 0.00000072000,0.01168
 0.00000072100,0.01168
 0.00000072200,0.01168
 0.00000072300,0.01168
 0.00000072400,0.01168
 0.00000072500,0.01168
 0.00000072600,0.01168
 0.00000072700,0.01168
 0.00000072800,0.01168
 0.00000072900,0.01168
 0.00000073000,0.01168
 0.00000073100,0.01168
 0.00000073200,0.01168
 0.00000073300,0.01168
 0.00000073400,0.01168
 0.00000073500,0.01168
 0.00000073600,0.01168
 0.00000073700,0.01168
 0.00000073800,0.01168
 0.00000073900,0.01168
 0.00000074000,0.01168
 0.00000074100,0.01168
 0.00000074200,0.01168
 0.00000074300,0.01168
 0.00000074400,0.01168
 0.00000074500,0.01168
 0.00000074600,0.01168
 0.00000074700,0.01168
 0.00000074800,0.01168
 0.00000074900,0.01168
 0.00000075000,0.01168
 0.00000075100,0.01168
 0.00000075200,0.01168
 0.00000075300,0.01168
 0.00000075400,0.01168
 0.00000075500,0.01168
 0.00000075600,0.01168
 0.00000075700,0.01168
 0.00000075800,0.01168
 0.00000075900,0.01168
 0.00000076000,0.01168
 0.00000076100,0.01168
 0.00000076200,0.01168
 0.00000076300,0.01168
 0.00000076400,0.01168
 0.00000076500,0.01168
 0.00000076600,0.01168
 0.00000076700,0.01168
 0.00000076800,0.01168
 0.00000076900,0.01168
 0.00000077000,0.01168
 0.00000077100,0.01168
 0.00000077200,0.01168
 0.00000077300,0.01168
 0.00000077400,0.01168
 0.00000077500,0.01168
 0.00000077600,0.01168
 0.00000077700,0.01168
 0.00000077800,0.01168
 0.00000077900,0.01168
 0.00000078000,0.01168
 0.00000078100,0.01168
 0.00000078200,0.01168
 0.00000078300,0.01168
 0.00000078400,0.01168
 0.00000078500,0.01168
 0.00000078600,0.01168
 0.00000078700,0.01168
 0.00000078800,0.01168
 0.00000078900,0.01168
 0.00000079000,0.01168
 0.00000079100,0.01168
 0.00000079200,0.01168
 0.00000079300,0.01168
 0.00000079400,0.01168
 0.00000079500,0.01168
 0.00000079600,0.01168
 0.00000079700,0.01168
 0.00000079800,0.01168
 0.00000079900,0.01168
 0.00000080000,0.01168
 0.00000080100,0.01168
 0.00000080200,0.01168
 0.00000080300,0.01168
 0.00000080400,0.01168
 0.00000080500,0.01168
 0.00000080600,0.01168
 0.00000080700,0.01168
 0.00000080800,0.01168
 0.00000080900,0.01168
 0.00000081000,0.01168
 0.00000081100,0.01168
 0.00000081200,0.01168
 0.00000081300,0.01168
 0.00000081400,0.01168
 0.00000081500,0.01168
 0.00000081600,0.01168
 0.00000081700,0.01168
 0.00000081800,0.01168
 0.00000081900,0.01168
 0.00000082000,0.01168
 0.00000082100,0.01168
 0.00000082200,0.01168
 0.00000082300,0.01168
 0.00000082400,0.01168
 0.00000082500,0.01168
 0.00000082600,0.01080
 0.00000082700,0.01168
 0.00000082800,0.01168
 0.00000082900,0.00088
 0.00000083000,0.01168
 0.00000083100,0.01168
 0.00000083200,0.00376
 0.00000083300,0.01168
 0.00000083400,0.01168
 0.00000083500,0.00800
 0.00000083600,0.01168
 0.00000083700,0.01168
 0.00000083800,0.01160
 0.00000083900,0.01000
 0.00000084000,0.01168
 0.00000084100,0.01168
 0.00000084200,0.00784
 0.00000084300,0.01168
 0.00000084400,0.01168
 0.00000084500,0.00632
 0.00000084600,0.01168
 0.00000084700,0.01168
 0.00000084800,0.00712
 0.00000084900,0.01168
 0.00000085000,0.01168
 0.00000085100,0.01056
 0.00000085200,0.01168
 0.00000085300,0.01168
 0.00000085400,0.01072
 0.00000085500,0.01168
 0.00000085600,0.01168
 0.00000085700,0.00912
 0.00000085800,0.01168
 0.00000085900,0.01168
 0.00000086000,0.01040
 0.00000086100,0.01168
 0.00000086200,0.01168
 0.00000086300,0.01080
 0.00000086400,0.00952
 0.00000086500,0.01168
 0.00000086600,0.00792
 0.00000086700,0.00832
 0.00000086800,0.01168
 0.00000086900,0.00856
 0.00000087000,0.00864
 0.00000087100,0.01048
 0.00000087200,0.00848
 0.00000087300,0.00696
 0.00000087400,0.00816
 0.00000087500,0.00920
 0.00000087600,0.00592
 0.00000087700,0.00672
 0.00000087800,0.00744
 0.00000087900,0.00624
 0.00000088000,0.00808
 0.00000088100,0.00920
 0.00000088200,0.00736
 0.00000088300,0.00776
 0.00000088400,0.00896
 0.00000088500,0.00728
 0.00000088600,0.00648
 0.00000088700,0.00864
 0.00000088800,0.00904
 0.00000088900,0.00560
 0.00000089000,0.00688
 0.00000089100,0.00904
 0.00000089200,0.00512
 0.00000089300,0.00632
 0.00000089400,0.00952
 0.00000089500,0.00640
 0.00000089600,0.00576
 0.00000089700,0.00888
 0.00000089800,0.00720
 0.00000089900,0.00304
 0.00000090000,0.00552
 0.00000090100,0.00536
 0.00000090200,0.00272
 0.00000090300,0.00520
 0.00000090400,0.00712
 0.00000090500,0.00432
 0.00000090600,0.00416
 0.00000090700,0.00456
 0.00000090800,0.00432
 0.00000090900,0.00576
 0.00000091000,0.00568
 0.00000091100,0.00496
 0.00000091200,0.00640
 0.00000091300,0.00488
 0.00000091400,0.00328
 0.00000091500,0.00312
 0.00000091600,0.00320
 0.00000091700,0.00344
 0.00000091800,0.00336
 0.00000091900,0.00416
 0.00000092000,0.00488
 0.00000092100,0.00536
 0.00000092200,0.00504
 0.00000092300,0.00200
 0.00000092400,0.00536
 0.00000092500,0.00392
 0.00000092600,-0.00064
 0.00000092700,0.00344
 0.00000092800,0.00704
 0.00000092900,0.00360
 0.00000093000,0.00416
 0.00000093100,0.00424
 0.00000093200,0.00216
 0.00000093300,0.00344
 0.00000093400,0.00568
 0.00000093500,0.00120
 0.00000093600,0.00080
 0.00000093700,0.00408
 0.00000093800,0.00296
 0.00000093900,0.00288
 0.00000094000,0.00304
 0.00000094100,0.00312
 0.00000094200,0.00368
 0.00000094300,0.00384
 0.00000094400,0.00280
 0.00000094500,0.00112
 0.00000094600,0.00184
 0.00000094700,0.00304
 0.00000094800,0.00328
 0.00000094900,0.00168
 0.00000095000,0.00112
 0.00000095100,0.00008
 0.00000095200,0.00144
 0.00000095300,0.00184
 0.00000095400,0.00296
 0.00000095500,0.00568
 0.00000095600,0.00128
 0.00000095700,0.00240
 0.00000095800,0.00456
 0.00000095900,0.00040
 0.00000096000,0.00008
 0.00000096100,0.00408
 0.00000096200,0.00264
 0.00000096300,0.00304
 0.00000096400,0.00528
 0.00000096500,0.00296
 0.00000096600,-0.00008
 0.00000096700,0.00256
 0.00000096800,0.00168
 0.00000096900,0.00080
 0.00000097000,0.00464
 0.00000097100,0.00648
 0.00000097200,0.00528
 0.00000097300,0.00648
 0.00000097400,0.00632
 0.00000097500,0.00576
 0.00000097600,0.00576
 0.00000097700,0.00680
 0.00000097800,0.00640
 0.00000097900,0.00672
 0.00000098000,0.00624
 0.00000098100,0.00592
 0.00000098200,0.00528
 0.00000098300,0.00664
 0.00000098400,0.00752
 0.00000098500,0.00664
 0.00000098600,0.00688
 0.00000098700,0.00856
 0.00000098800,0.01064
 0.00000098900,0.00808
 0.00000099000,0.00800
 0.00000099100,0.01168
 0.00000099200,0.00728
 0.00000099300,0.00552
 0.00000099400,0.00968
 0.00000099500,0.00880
 0.00000099600,0.00704
 0.00000099700,0.00832
 0.00000099800,0.00824
 0.00000099900,0.00512
 0.00000100000,0.00608
 0.00000100100,0.00800
 0.00000100200,0.00656
 0.00000100300,0.00640
 0.00000100400,0.00768
 0.00000100500,0.00600
 0.00000100600,0.00624
 0.00000100700,0.00832
 0.00000100800,0.00928
 0.00000100900,0.00832
 0.00000101000,0.00696
 0.00000101100,0.00656
 0.00000101200,0.00616
 0.00000101300,0.00768
 0.00000101400,0.00824
 0.00000101500,0.00744
 0.00000101600,0.00872
 0.00000101700,0.00864
 0.00000101800,0.00744
 0.00000101900,0.00728
 0.00000102000,0.00744
 0.00000102100,0.00984
 0.00000102200,0.00952
 0.00000102300,0.00688
 0.00000102400,0.01040
 0.00000102500,0.00928
 0.00000102600,0.00592
 0.00000102700,0.01040
 0.00000102800,0.01168
 0.00000102900,0.00752
 0.00000103000,0.00896
 0.00000103100,0.01056
 0.00000103200,0.00896
 0.00000103300,0.00984
 0.00000103400,0.01128
 0.00000103500,0.00912
 0.00000103600,0.00928
 0.00000103700,0.01168
 0.00000103800,0.01064
 0.00000103900,0.00912
 0.00000104000,0.01168
 0.00000104100,0.01168
 0.00000104200,0.01112
 0.00000104300,0.01136
 0.00000104400,0.01168
 0.00000104500,0.01168
 0.00000104600,0.01168
 0.00000104700,0.01168
 0.00000104800,0.01168
 0.00000104900,0.01168
 0.00000105000,0.01168
 0.00000105100,0.01168
 0.00000105200,0.01168
 0.00000105300,0.01168
 0.00000105400,0.01168
 0.00000105500,0.01168
 0.00000105600,0.01168
 0.00000105700,0.01168
 0.00000105800,0.01168
 0.00000105900,0.01168
 0.00000106000,0.01168
 0.00000106100,0.01168
 0.00000106200,0.01168
 0.00000106300,0.01168
 0.00000106400,0.01168
 0.00000106500,0.01168
 0.00000106600,0.01168
 0.00000106700,0.01168
 0.00000106800,0.01168
 0.00000106900,0.01168
 0.00000107000,0.01168
 0.00000107100,0.01168
 0.00000107200,0.01168
 0.00000107300,0.01168
 0.00000107400,0.01168
 0.00000107500,0.01168
 0.00000107600,0.01168
 0.00000107700,0.01168
 0.00000107800,0.01168
 0.00000107900,0.01168
 0.00000108000,0.01168
 0.00000108100,0.01168
 0.00000108200,0.01168
 0.00000108300,0.01168
 0.00000108400,0.01168
 0.00000108500,0.01168
 0.00000108600,0.01168
 0.00000108700,0.01168
 0.00000108800,0.01168
 0.00000108900,0.01168
 0.00000109000,0.01168
 0.00000109100,0.01168
 0.00000109200,0.01168
 0.00000109300,0.01168
 0.00000109400,0.01168
 0.00000109500,0.01168
 0.00000109600,0.01168
 0.00000109700,0.01168
 0.00000109800,0.01168
 0.00000109900,0.01168
 0.00000110000,0.01168
 0.00000110100,0.01168
 0.00000110200,0.01168
 0.00000110300,0.01168
 0.00000110400,0.01168
 0.00000110500,0.01168
 0.00000110600,0.01168
 0.00000110700,0.01168
 0.00000110800,0.01168
 0.00000110900,0.01168
 0.00000111000,0.01168
 0.00000111100,0.01168
 0.00000111200,0.01168
 0.00000111300,0.01168
 0.00000111400,0.01168
 0.00000111500,0.01168
 0.00000111600,0.01168
 0.00000111700,0.01168
 0.00000111800,0.01168
 0.00000111900,0.01168
 0.00000112000,0.01168
 0.00000112100,0.01168
 0.00000112200,0.01168
 0.00000112300,0.01168
 0.00000112400,0.01168
 0.00000112500,0.01168
 0.00000112600,0.01168
 0.00000112700,0.01168
 0.00000112800,0.01168
 0.00000112900,0.01168
 0.00000113000,0.01168
 0.00000113100,0.01168
 0.00000113200,0.01168
 0.00000113300,0.01168
 0.00000113400,0.01168
 0.00000113500,0.01168
 0.00000113600,0.01168
 0.00000113700,0.01168
 0.00000113800,0.01168
 0.00000113900,0.01168
 0.00000114000,0.01168
 0.00000114100,0.01168
 0.00000114200,0.01168
 0.00000114300,0.01168
 0.00000114400,0.01168
 0.00000114500,0.01168
 0.00000114600,0.01168
 0.00000114700,0.01168
 0.00000114800,0.01168
 0.00000114900,0.01168
 0.00000115000,0.01168
 0.00000115100,0.01168
 0.00000115200,0.01168
 0.00000115300,0.01168
 0.00000115400,0.01168
 0.00000115500,0.01168
 0.00000115600,0.01168
 0.00000115700,0.01168
 0.00000115800,0.01168
 0.00000115900,0.01168
 0.00000116000,0.01168
 0.00000116100,0.01168
 0.00000116200,0.01168
 0.00000116300,0.01168
 0.00000116400,0.01168
 0.00000116500,0.01168
 0.00000116600,0.01168
 0.00000116700,0.01168
 0.00000116800,0.01168
 0.00000116900,0.01168
 0.00000117000,0.01168
 0.00000117100,0.01168
 0.00000117200,0.01168
 0.00000117300,0.01168
 0.00000117400,0.01168
 0.00000117500,0.01168
 0.00000117600,0.01168
 0.00000117700,0.01168
 0.00000117800,0.01168
 0.00000117900,0.01168
 0.00000118000,0.01168
 0.00000118100,0.01168
 0.00000118200,0.01168
 0.00000118300,0.01168
 0.00000118400,0.01168
 0.00000118500,0.01168
 0.00000118600,0.01168
 0.00000118700,0.01168
 0.00000118800,0.01168
 0.00000118900,0.01168
 0.00000119000,0.01168
 0.00000119100,0.01168
 0.00000119200,0.01168
 0.00000119300,0.01168
 0.00000119400,0.01168
 0.00000119500,0.01168
 0.00000119600,0.01168
 0.00000119700,0.01168
 0.00000119800,0.01168
 0.00000119900,0.01168
 0.00000120000,0.01168
 0.00000120100,0.01168
 0.00000120200,0.01168
 0.00000120300,0.01168
 0.00000120400,0.01168
 0.00000120500,0.01168
 0.00000120600,0.01168
 0.00000120700,0.01168
 0.00000120800,0.01168
 0.00000120900,0.01168
 0.00000121000,0.01168
 0.00000121100,0.01168
 0.00000121200,0.01168
 0.00000121300,0.01168
 0.00000121400,0.01168
 0.00000121500,0.01168
 0.00000121600,0.01168
 0.00000121700,0.01168
 0.00000121800,0.01168
 0.00000121900,0.01168
 0.00000122000,0.01168
 0.00000122100,0.01168
 0.00000122200,0.01168
 0.00000122300,0.01168
 0.00000122400,0.01168
 0.00000122500,0.01168
 0.00000122600,0.01168
 0.00000122700,0.01168
 0.00000122800,0.01168
 0.00000122900,0.01168
 0.00000123000,0.01168
 0.00000123100,0.01168
 0.00000123200,0.01168
 0.00000123300,0.01168
 0.00000123400,0.01168
 0.00000123500,0.01168
 0.00000123600,0.01168
 0.00000123700,0.01168
 0.00000123800,0.01168
 0.00000123900,0.01168
 0.00000124000,0.01168
 0.00000124100,0.01168
 0.00000124200,0.01168
 0.00000124300,0.01168
 0.00000124400,0.01168
 0.00000124500,0.01168
 0.00000124600,0.01168
 0.00000124700,0.01168
 0.00000124800,0.01168
 0.00000124900,0.01168
 0.00000125000,0.01168
 0.00000125100,0.01168
 0.00000125200,0.01168
 0.00000125300,0.01168
 0.00000125400,0.01168
 0.00000125500,0.01168
 0.00000125600,0.01168
 0.00000125700,0.01168
 0.00000125800,0.01168
 0.00000125900,0.01168
 0.00000126000,0.01168
 0.00000126100,0.01168
 0.00000126200,0.01168
 0.00000126300,0.01168
 0.00000126400,0.01168
 0.00000126500,0.00680
 0.00000126600,0.01168
 0.00000126700,0.01168
 0.00000126800,0.00784
 0.00000126900,0.01168
 0.00000127000,0.01168
 0.00000127100,0.00928
 0.00000127200,0.01168
 0.00000127300,0.01168
 0.00000127400,0.00896
 0.00000127500,0.01168
 0.00000127600,0.01168
 0.00000127700,0.01088
 0.00000127800,0.01168
 0.00000127900,0.01168
 0.00000128000,0.01168
 0.00000128100,0.01168
 0.00000128200,0.01168
 0.00000128300,0.01168
 0.00000128400,0.01168
 0.00000128500,0.01168
 0.00000128600,0.01168
 0.00000128700,0.01144
 0.00000128800,0.01168
 0.00000128900,0.01168
 0.00000129000,0.00816
 0.00000129100,0.01168
 0.00000129200,0.01168
 0.00000129300,0.01080
 0.00000129400,0.01168
 0.00000129500,0.01168
 0.00000129600,0.00944
 0.00000129700,0.01168
 0.00000129800,0.01168
 0.00000129900,0.01168
 0.00000130000,0.01168
 0.00000130100,0.01168
 0.00000130200,0.01104
 0.00000130300,0.01168
 0.00000130400,0.01168
 0.00000130500,0.01168
 0.00000130600,0.01168
 0.00000130700,0.01168
 0.00000130800,0.01168
 0.00000130900,0.01168
 0.00000131000,0.01168
 0.00000131100,0.01168
 0.00000131200,0.01168
 0.00000131300,0.01168
 0.00000131400,0.01168
 0.00000131500,0.01152
 0.00000131600,0.01168
 0.00000131700,0.01168
 0.00000131800,0.00952
 0.00000131900,0.01168
 0.00000132000,0.01168
 0.00000132100,0.01168
 0.00000132200,0.01168
 0.00000132300,0.00984
 0.00000132400,0.01168
 0.00000132500,0.01168
 0.00000132600,0.00936
 0.00000132700,0.01128
 0.00000132800,0.01104
 0.00000132900,0.00912
 0.00000133000,0.00984
 0.00000133100,0.00936
 0.00000133200,0.00672
 0.00000133300,0.00720
 0.00000133400,0.00856
 0.00000133500,0.00800
 0.00000133600,0.00816
 0.00000133700,0.00912
 0.00000133800,0.00672
 0.00000133900,0.00696
 0.00000134000,0.00808
 0.00000134100,0.00800
 0.00000134200,0.00736
 0.00000134300,0.00512
 0.00000134400,0.00496
 0.00000134500,0.00552
 0.00000134600,0.00744
 0.00000134700,0.00784
 0.00000134800,0.00816
 0.00000134900,0.00704
 0.00000135000,0.00488
 0.00000135100,0.00616
 0.00000135200,0.00808
 0.00000135300,0.00760
 0.00000135400,0.00688
 0.00000135500,0.00864
 0.00000135600,0.00568
 0.00000135700,0.00688
 0.00000135800,0.00808
 0.00000135900,0.00360
 0.00000136000,0.00320
 0.00000136100,0.00704
 0.00000136200,0.00456
 0.00000136300,0.00312
 0.00000136400,0.00536
 0.00000136500,0.00400
 0.00000136600,0.00304
 0.00000136700,0.00560
 0.00000136800,0.00392
 0.00000136900,-0.00032
 0.00000137000,0.00272
 0.00000137100,0.00424
 0.00000137200,0.00088
 0.00000137300,0.00216
 0.00000137400,0.00280
 0.00000137500,0.00104
 0.00000137600,0.00080
 0.00000137700,0.00096
 0.00000137800,0.00096
 0.00000137900,0.00024
 0.00000138000,-0.00136
 0.00000138100,-0.00088
 0.00000138200,-0.00152
 0.00000138300,-0.00224
 0.00000138400,-0.00168
 0.00000138500,-0.00168
 0.00000138600,-0.00224
 0.00000138700,-0.00080
 0.00000138800,0.00112
 0.00000138900,-0.00136
 0.00000139000,-0.00248
 0.00000139100,0.00088
 0.00000139200,-0.00256
 0.00000139300,-0.00400
 0.00000139400,-0.00016
 0.00000139500,-0.00304
 0.00000139600,-0.00376
 0.00000139700,0.00008
 0.00000139800,-0.00152
 0.00000139900,-0.00352
 0.00000140000,-0.00192
 0.00000140100,-0.00200
 0.00000140200,-0.00544
 0.00000140300,-0.00544
 0.00000140400,-0.00184
 0.00000140500,-0.00472
 0.00000140600,-0.00432
 0.00000140700,-0.00208
 0.00000140800,-0.00176
 0.00000140900,-0.00536
 0.00000141000,-0.00544
 0.00000141100,-0.00544
 0.00000141200,-0.00544
 0.00000141300,-0.00504
 0.00000141400,-0.00496
 0.00000141500,-0.00544
 0.00000141600,-0.00544
 0.00000141700,-0.00544
 0.00000141800,-0.00544
 0.00000141900,-0.00480
 0.00000142000,-0.00544
 0.00000142100,-0.00544
 0.00000142200,-0.00544
 0.00000142300,-0.00544
 0.00000142400,-0.00544
 0.00000142500,-0.00544
 0.00000142600,-0.00544
 0.00000142700,-0.00544
 0.00000142800,-0.00544
 0.00000142900,-0.00544
 0.00000143000,-0.00544
 0.00000143100,-0.00544
 0.00000143200,-0.00544
 0.00000143300,-0.00544
 0.00000143400,-0.00544
 0.00000143500,-0.00544
 0.00000143600,-0.00544
 0.00000143700,-0.00544
 0.00000143800,-0.00544
 0.00000143900,-0.00544
 0.00000144000,-0.00544
 0.00000144100,-0.00544
 0.00000144200,-0.00544
 0.00000144300,-0.00544
 0.00000144400,-0.00544
 0.00000144500,-0.00544
 0.00000144600,-0.00544
 0.00000144700,-0.00544
 0.00000144800,-0.00544
 0.00000144900,-0.00544
 0.00000145000,-0.00544
 0.00000145100,-0.00544
 0.00000145200,-0.00544
 0.00000145300,-0.00544
 0.00000145400,-0.00544
 0.00000145500,-0.00544
 0.00000145600,-0.00544
 0.00000145700,-0.00544
 0.00000145800,-0.00544
 0.00000145900,-0.00544
 0.00000146000,-0.00544
 0.00000146100,-0.00544
 0.00000146200,-0.00544
 0.00000146300,-0.00544
 0.00000146400,-0.00544
 0.00000146500,-0.00544
 0.00000146600,-0.00544
 0.00000146700,-0.00544
 0.00000146800,-0.00544
 0.00000146900,-0.00544
 0.00000147000,-0.00544
 0.00000147100,-0.00544
 0.00000147200,-0.00544
 0.00000147300,-0.00544
 0.00000147400,-0.00544
 0.00000147500,-0.00544
 0.00000147600,-0.00544
 0.00000147700,-0.00544
 0.00000147800,-0.00544
 0.00000147900,-0.00544
 0.00000148000,-0.00544
 0.00000148100,-0.00544
 0.00000148200,-0.00544
 0.00000148300,-0.00544
 0.00000148400,-0.00544
 0.00000148500,-0.00544
 0.00000148600,-0.00544
 0.00000148700,-0.00544
 0.00000148800,-0.00544
 0.00000148900,-0.00544
 0.00000149000,-0.00544
 0.00000149100,-0.00544
 0.00000149200,-0.00544
 0.00000149300,-0.00544
 0.00000149400,-0.00544
 0.00000149500,-0.00544
 0.00000149600,-0.00544
 0.00000149700,-0.00544
 0.00000149800,-0.00544
 0.00000149900,-0.00544
 0.00000150000,-0.00544
 0.00000150100,-0.00544
 0.00000150200,-0.00544
 0.00000150300,-0.00544
 0.00000150400,-0.00544
 0.00000150500,-0.00544
 0.00000150600,-0.00544
 0.00000150700,-0.00544
 0.00000150800,-0.00544
 0.00000150900,-0.00544
 0.00000151000,-0.00544
 0.00000151100,-0.00544
 0.00000151200,-0.00544
 0.00000151300,-0.00544
 0.00000151400,-0.00544
 0.00000151500,-0.00544
 0.00000151600,-0.00544
 0.00000151700,-0.00544
 0.00000151800,-0.00544
 0.00000151900,-0.00544
 0.00000152000,-0.00544
 0.00000152100,-0.00544
 0.00000152200,-0.00544
 0.00000152300,-0.00544
 0.00000152400,-0.00544
 0.00000152500,-0.00544
 0.00000152600,-0.00544
 0.00000152700,-0.00544
 0.00000152800,-0.00544
 0.00000152900,-0.00544
 0.00000153000,-0.00544
 0.00000153100,-0.00544
 0.00000153200,-0.00544
 0.00000153300,-0.00544
 0.00000153400,-0.00544
 0.00000153500,-0.00544
 0.00000153600,-0.00544
 0.00000153700,-0.00544
 0.00000153800,-0.00544
 0.00000153900,-0.00544
 0.00000154000,-0.00544
 0.00000154100,-0.00544
 0.00000154200,-0.00544
 0.00000154300,-0.00544
 0.00000154400,-0.00544
 0.00000154500,-0.00544
 0.00000154600,-0.00544
 0.00000154700,-0.00544
 0.00000154800,-0.00544
 0.00000154900,-0.00544
 0.00000155000,-0.00544
 0.00000155100,-0.00544
 0.00000155200,-0.00544
 0.00000155300,-0.00544
 0.00000155400,-0.00544
 0.00000155500,-0.00544
 0.00000155600,-0.00544
 0.00000155700,-0.00544
 0.00000155800,-0.00544
 0.00000155900,-0.00544
 0.00000156000,-0.00544
 0.00000156100,-0.00544
 0.00000156200,-0.00544
 0.00000156300,-0.00544
 0.00000156400,-0.00544
 0.00000156500,-0.00544
 0.00000156600,-0.00544
 0.00000156700,-0.00544
 0.00000156800,-0.00544
 0.00000156900,-0.00544
 0.00000157000,-0.00544
 0.00000157100,-0.00544
 0.00000157200,-0.00544
 0.00000157300,-0.00544
 0.00000157400,-0.00544
 0.00000157500,-0.00544
 0.00000157600,-0.00544
 0.00000157700,-0.00544
 0.00000157800,-0.00544
 0.00000157900,-0.00544
 0.00000158000,-0.00544
 0.00000158100,-0.00544
 0.00000158200,-0.00544
 0.00000158300,-0.00544
 0.00000158400,-0.00544
 0.00000158500,-0.00544
 0.00000158600,-0.00544
 0.00000158700,-0.00544
 0.00000158800,-0.00544
 0.00000158900,-0.00544
 0.00000159000,-0.00544
 0.00000159100,-0.00544
 0.00000159200,-0.00544
 0.00000159300,-0.00544
 0.00000159400,-0.00544
 0.00000159500,-0.00544
 0.00000159600,-0.00544
 0.00000159700,-0.00544
 0.00000159800,-0.00544
 0.00000159900,-0.00544
 0.00000160000,-0.00544
 0.00000160100,-0.00544
 0.00000160200,-0.00544
 0.00000160300,-0.00544
 0.00000160400,-0.00544
 0.00000160500,-0.00544
 0.00000160600,-0.00544
 0.00000160700,-0.00544
 0.00000160800,-0.00544
 0.00000160900,-0.00544
 0.00000161000,-0.00544
 0.00000161100,-0.00544
 0.00000161200,-0.00544
 0.00000161300,-0.00544
 0.00000161400,-0.00544
 0.00000161500,-0.00544
 0.00000161600,-0.00544
 0.00000161700,-0.00544
 0.00000161800,-0.00544
 0.00000161900,-0.00544
 0.00000162000,-0.00544
 0.00000162100,-0.00544
 0.00000162200,-0.00544
 0.00000162300,-0.00544
 0.00000162400,-0.00544
 0.00000162500,-0.00544
 0.00000162600,-0.00544
 0.00000162700,-0.00544
 0.00000162800,-0.00544
 0.00000162900,-0.00544
 0.00000163000,-0.00544
 0.00000163100,-0.00544
 0.00000163200,-0.00544
 0.00000163300,-0.00544
 0.00000163400,-0.00544
 0.00000163500,-0.00544
 0.00000163600,-0.00544
 0.00000163700,-0.00544
 0.00000163800,-0.00544
 0.00000163900,-0.00544
 0.00000164000,-0.00544
 0.00000164100,-0.00544
 0.00000164200,-0.00544
 0.00000164300,-0.00544
 0.00000164400,-0.00544
 0.00000164500,-0.00544
 0.00000164600,-0.00544
 0.00000164700,-0.00544
 0.00000164800,-0.00544
 0.00000164900,-0.00544
 0.00000165000,-0.00544
 0.00000165100,-0.00544
 0.00000165200,-0.00544
 0.00000165300,-0.00544
 0.00000165400,-0.00544
 0.00000165500,-0.00544
 0.00000165600,-0.00544
 0.00000165700,-0.00544
 0.00000165800,-0.00544
 0.00000165900,-0.00544
 0.00000166000,-0.00544
 0.00000166100,-0.00544
 0.00000166200,-0.00544
 0.00000166300,-0.00544
 0.00000166400,-0.00544
 0.00000166500,-0.00544
 0.00000166600,-0.00544
 0.00000166700,-0.00544
 0.00000166800,-0.00544
 0.00000166900,-0.00544
 0.00000167000,-0.00544
 0.00000167100,-0.00544
 0.00000167200,-0.00544
 0.00000167300,-0.00544
 0.00000167400,-0.00544
 0.00000167500,-0.00544
 0.00000167600,-0.00544
 0.00000167700,-0.00544
 0.00000167800,-0.00544
 0.00000167900,-0.00544
 0.00000168000,-0.00544
 0.00000168100,-0.00544
 0.00000168200,-0.00544
 0.00000168300,-0.00544
 0.00000168400,-0.00544
 0.00000168500,-0.00544
 0.00000168600,-0.00544
 0.00000168700,-0.00544
 0.00000168800,-0.00544
 0.00000168900,-0.00544
 0.00000169000,-0.00544
 0.00000169100,-0.00544
 0.00000169200,-0.00544
 0.00000169300,-0.00544
 0.00000169400,-0.00544
 0.00000169500,-0.00544
 0.00000169600,-0.00544
 0.00000169700,-0.00544
 0.00000169800,-0.00544
 0.00000169900,-0.00544
 0.00000170000,-0.00544
 0.00000170100,-0.00544
 0.00000170200,-0.00464
 0.00000170300,-0.00544
 0.00000170400,-0.00544
 0.00000170500,-0.00544
 0.00000170600,-0.00544
 0.00000170700,-0.00544
 0.00000170800,-0.00544
 0.00000170900,-0.00544
 0.00000171000,-0.00544
 0.00000171100,-0.00544
 0.00000171200,-0.00544
 0.00000171300,-0.00544
 0.00000171400,-0.00544
 0.00000171500,-0.00544
 0.00000171600,-0.00544
 0.00000171700,-0.00544
 0.00000171800,-0.00544
 0.00000171900,-0.00544
 0.00000172000,-0.00544
 0.00000172100,-0.00544
 0.00000172200,-0.00544
 0.00000172300,-0.00544
 0.00000172400,-0.00544
 0.00000172500,-0.00544
 0.00000172600,-0.00544
 0.00000172700,-0.00544
 0.00000172800,-0.00544
 0.00000172900,-0.00544
 0.00000173000,-0.00544
 0.00000173100,-0.00544
 0.00000173200,-0.00544
 0.00000173300,-0.00544
 0.00000173400,-0.00544
 0.00000173500,-0.00544
 0.00000173600,-0.00544
 0.00000173700,-0.00544
 0.00000173800,-0.00544
 0.00000173900,-0.00544
 0.00000174000,-0.00544
 0.00000174100,-0.00544
 0.00000174200,-0.00544
 0.00000174300,-0.00544
 0.00000174400,-0.00544
 0.00000174500,-0.00544
 0.00000174600,-0.00544
 0.00000174700,-0.00544
 0.00000174800,-0.00544
 0.00000174900,-0.00544
 0.00000175000,-0.00544
 0.00000175100,-0.00544
 0.00000175200,-0.00544
 0.00000175300,-0.00544
 0.00000175400,-0.00544
 0.00000175500,-0.00544
 0.00000175600,-0.00544
 0.00000175700,-0.00544
 0.00000175800,-0.00544
 0.00000175900,-0.00544
 0.00000176000,-0.00544
 0.00000176100,-0.00544
 0.00000176200,-0.00544
 0.00000176300,-0.00544
 0.00000176400,-0.00544
 0.00000176500,-0.00544
 0.00000176600,-0.00544
 0.00000176700,-0.00544
 0.00000176800,-0.00544
 0.00000176900,-0.00544
 0.00000177000,-0.00544
 0.00000177100,-0.00544
 0.00000177200,-0.00544
 0.00000177300,-0.00544
 0.00000177400,-0.00544
 0.00000177500,-0.00544
 0.00000177600,-0.00544
 0.00000177700,-0.00544
 0.00000177800,-0.00544
 0.00000177900,-0.00544
 0.00000178000,-0.00544
 0.00000178100,-0.00544
 0.00000178200,-0.00544
 0.00000178300,-0.00544
 0.00000178400,-0.00544
 0.00000178500,-0.00544
 0.00000178600,-0.00544
 0.00000178700,-0.00544
 0.00000178800,-0.00544
 0.00000178900,-0.00544
 0.00000179000,-0.00544
 0.00000179100,-0.00544
 0.00000179200,-0.00544
 0.00000179300,-0.00544
 0.00000179400,-0.00544
 0.00000179500,-0.00544
 0.00000179600,-0.00544
 0.00000179700,-0.00544
 0.00000179800,-0.00544
 0.00000179900,-0.00544
 0.00000180000,-0.00544
 0.00000180100,-0.00544
 0.00000180200,-0.00544
 0.00000180300,-0.00544
 0.00000180400,-0.00544
 0.00000180500,-0.00544
 0.00000180600,-0.00544
 0.00000180700,-0.00544
 0.00000180800,-0.00544
 0.00000180900,-0.00544
 0.00000181000,-0.00544
 0.00000181100,-0.00544
 0.00000181200,-0.00544
 0.00000181300,-0.00544
 0.00000181400,-0.00544
 0.00000181500,-0.00544
 0.00000181600,-0.00544
 0.00000181700,-0.00544
 0.00000181800,-0.00544
 0.00000181900,-0.00544
 0.00000182000,-0.00544
 0.00000182100,-0.00544
 0.00000182200,-0.00544
 0.00000182300,-0.00544
 0.00000182400,-0.00544
 0.00000182500,-0.00544
 0.00000182600,-0.00544
 0.00000182700,-0.00544
 0.00000182800,-0.00544
 0.00000182900,-0.00544
 0.00000183000,-0.00544
 0.00000183100,-0.00544
 0.00000183200,-0.00544
 0.00000183300,-0.00544
 0.00000183400,-0.00544
 0.00000183500,-0.00544
 0.00000183600,-0.00544
 0.00000183700,-0.00544
 0.00000183800,-0.00544
 0.00000183900,-0.00544
 0.00000184000,-0.00544
 0.00000184100,-0.00544
 0.00000184200,-0.00544
 0.00000184300,-0.00544
 0.00000184400,-0.00544
 0.00000184500,-0.00544
 0.00000184600,-0.00544
 0.00000184700,-0.00544
 0.00000184800,-0.00544
 0.00000184900,-0.00544
 0.00000185000,-0.00544
 0.00000185100,-0.00544
 0.00000185200,-0.00544
 0.00000185300,-0.00544
 0.00000185400,-0.00544
 0.00000185500,-0.00544
 0.00000185600,-0.00544
 0.00000185700,-0.00544
 0.00000185800,-0.00544
 0.00000185900,-0.00544
 0.00000186000,-0.00544
 0.00000186100,-0.00544
 0.00000186200,-0.00544
 0.00000186300,-0.00544
 0.00000186400,-0.00544
 0.00000186500,-0.00544
 0.00000186600,-0.00544
 0.00000186700,-0.00544
 0.00000186800,-0.00544
 0.00000186900,-0.00544
 0.00000187000,-0.00544
 0.00000187100,-0.00544
 0.00000187200,-0.00544
 0.00000187300,-0.00544
 0.00000187400,-0.00544
 0.00000187500,-0.00544
 0.00000187600,-0.00544
 0.00000187700,-0.00544
 0.00000187800,-0.00544
 0.00000187900,-0.00544
 0.00000188000,-0.00544
 0.00000188100,-0.00544
 0.00000188200,-0.00544
 0.00000188300,-0.00544
 0.00000188400,-0.00544
 0.00000188500,-0.00544
 0.00000188600,-0.00544
 0.00000188700,-0.00544
 0.00000188800,-0.00544
 0.00000188900,-0.00544
 0.00000189000,-0.00544
 0.00000189100,-0.00544
 0.00000189200,-0.00544
 0.00000189300,-0.00544
 0.00000189400,-0.00544
 0.00000189500,-0.00544
 0.00000189600,-0.00544
 0.00000189700,-0.00544
 0.00000189800,-0.00544
 0.00000189900,-0.00544
 0.00000190000,-0.00544
 0.00000190100,-0.00544
 0.00000190200,-0.00544
 0.00000190300,-0.00544
 0.00000190400,-0.00544
 0.00000190500,-0.00544
 0.00000190600,-0.00544
 0.00000190700,-0.00544
 0.00000190800,-0.00544
 0.00000190900,-0.00544
 0.00000191000,-0.00544
 0.00000191100,-0.00544
 0.00000191200,-0.00544
 0.00000191300,-0.00544
 0.00000191400,-0.00544
 0.00000191500,-0.00544
 0.00000191600,-0.00544
 0.00000191700,-0.00544
 0.00000191800,-0.00544
 0.00000191900,-0.00544
 0.00000192000,-0.00544
 0.00000192100,-0.00544
 0.00000192200,-0.00544
 0.00000192300,-0.00544
 0.00000192400,-0.00544
 0.00000192500,-0.00544
 0.00000192600,-0.00544
 0.00000192700,-0.00544
 0.00000192800,-0.00544
 0.00000192900,-0.00544
 0.00000193000,-0.00544
 0.00000193100,-0.00544
 0.00000193200,-0.00544
 0.00000193300,-0.00544
 0.00000193400,-0.00544
 0.00000193500,-0.00544
 0.00000193600,-0.00544
 0.00000193700,-0.00544
 0.00000193800,-0.00544
 0.00000193900,-0.00544
 0.00000194000,-0.00544
 0.00000194100,-0.00544
 0.00000194200,-0.00544
 0.00000194300,-0.00544
 0.00000194400,-0.00544
 0.00000194500,-0.00544
 0.00000194600,-0.00544
 0.00000194700,-0.00544
 0.00000194800,-0.00544
 0.00000194900,-0.00544
 0.00000195000,-0.00544
 0.00000195100,-0.00544
 0.00000195200,-0.00544
 0.00000195300,-0.00544
 0.00000195400,-0.00544
 0.00000195500,-0.00544
 0.00000195600,-0.00544
 0.00000195700,-0.00544
 0.00000195800,-0.00544
 0.00000195900,-0.00544
 0.00000196000,-0.00544
 0.00000196100,-0.00544
 0.00000196200,-0.00544
 0.00000196300,-0.00544
 0.00000196400,-0.00544
 0.00000196500,-0.00544
 0.00000196600,-0.00544
 0.00000196700,-0.00544
 0.00000196800,-0.00544
 0.00000196900,-0.00544
 0.00000197000,-0.00544
 0.00000197100,-0.00544
 0.00000197200,-0.00544
 0.00000197300,-0.00544
 0.00000197400,-0.00544
 0.00000197500,-0.00544
 0.00000197600,-0.00544
 0.00000197700,-0.00544
 0.00000197800,-0.00544
 0.00000197900,-0.00544
 0.00000198000,-0.00544
 0.00000198100,-0.00544
 0.00000198200,-0.00544
 0.00000198300,-0.00544
 0.00000198400,-0.00544
 0.00000198500,-0.00544
 0.00000198600,-0.00544
 0.00000198700,-0.00544
 0.00000198800,-0.00544
 0.00000198900,-0.00544
 0.00000199000,-0.00544
 0.00000199100,-0.00544
 0.00000199200,-0.00544
 0.00000199300,-0.00544
 0.00000199400,-0.00544
 0.00000199500,-0.00544
 0.00000199600,-0.00544
 0.00000199700,-0.00544
 0.00000199800,-0.00544
 0.00000199900,-0.00544
 0.00000200000,-0.00544
 0.00000200100,-0.00544
 0.00000200200,-0.00544
 0.00000200300,-0.00544
 0.00000200400,-0.00544
 0.00000200500,-0.00544
 0.00000200600,-0.00544
 0.00000200700,-0.00544
 0.00000200800,-0.00544
 0.00000200900,-0.00544
 0.00000201000,-0.00544
 0.00000201100,-0.00544
 0.00000201200,-0.00544
 0.00000201300,-0.00544
 0.00000201400,-0.00544
 0.00000201500,-0.00544
 0.00000201600,-0.00544
 0.00000201700,-0.00544
 0.00000201800,-0.00544
 0.00000201900,-0.00544
 0.00000202000,-0.00544
 0.00000202100,-0.00544
 0.00000202200,-0.00544
 0.00000202300,-0.00544
 0.00000202400,-0.00544
 0.00000202500,-0.00544
 0.00000202600,-0.00544
 0.00000202700,-0.00544
 0.00000202800,-0.00544
 0.00000202900,-0.00544
 0.00000203000,-0.00544
 0.00000203100,-0.00544
 0.00000203200,-0.00544
 0.00000203300,-0.00544
 0.00000203400,-0.00544
 0.00000203500,-0.00544
 0.00000203600,-0.00544
 0.00000203700,-0.00544
 0.00000203800,-0.00544
 0.00000203900,-0.00544
 0.00000204000,-0.00544
 0.00000204100,-0.00544
 0.00000204200,-0.00544
 0.00000204300,-0.00544
 0.00000204400,-0.00544
 0.00000204500,-0.00544
 0.00000204600,-0.00544
 0.00000204700,-0.00544
 0.00000204800,-0.00544
 0.00000204900,-0.00544
 0.00000205000,-0.00544
 0.00000205100,-0.00544
 0.00000205200,-0.00544
 0.00000205300,-0.00544
 0.00000205400,-0.00544
 0.00000205500,-0.00544
 0.00000205600,-0.00544
 0.00000205700,-0.00544
 0.00000205800,-0.00376
 0.00000205900,-0.00544
 0.00000206000,-0.00544
 0.00000206100,-0.00520
 0.00000206200,-0.00544
 0.00000206300,-0.00544
 0.00000206400,-0.00440
 0.00000206500,-0.00544
 0.00000206600,-0.00544
 0.00000206700,-0.00416
 0.00000206800,-0.00512
 0.00000206900,-0.00544
 0.00000207000,-0.00544
 0.00000207100,-0.00448
 0.00000207200,-0.00544
 0.00000207300,-0.00544
 0.00000207400,-0.00440
 0.00000207500,-0.00544
 0.00000207600,-0.00536
 0.00000207700,-0.00544
 0.00000207800,-0.00544
 0.00000207900,-0.00544
 0.00000208000,-0.00488
 0.00000208100,-0.00496
 0.00000208200,-0.00544
 0.00000208300,-0.00544
 0.00000208400,-0.00544
 0.00000208500,-0.00544
 0.00000208600,-0.00544
 0.00000208700,-0.00544
 0.00000208800,-0.00456
 0.00000208900,-0.00544
 0.00000209000,-0.00544
 0.00000209100,-0.00400
 0.00000209200,-0.00544
 0.00000209300,-0.00544
 0.00000209400,-0.00416
 0.00000209500,-0.00536
 0.00000209600,-0.00544
 0.00000209700,-0.00528
 0.00000209800,-0.00456
 0.00000209900,-0.00544
 0.00000210000,-0.00544
 0.00000210100,-0.00424
 0.00000210200,-0.00544
 0.00000210300,-0.00544
 0.00000210400,-0.00544
 0.00000210500,-0.00544
 0.00000210600,-0.00544
 0.00000210700,-0.00544
 0.00000210800,-0.00544
 0.00000210900,-0.00544
 0.00000211000,-0.00544
 0.00000211100,-0.00528
 0.00000211200,-0.00544
 0.00000211300,-0.00544
 0.00000211400,-0.00512
 0.00000211500,-0.00544
 0.00000211600,-0.00544
 0.00000211700,-0.00544
 0.00000211800,-0.00544
 0.00000211900,-0.00544
 0.00000212000,-0.00544
 0.00000212100,-0.00520
 0.00000212200,-0.00440
 0.00000212300,-0.00544
 0.00000212400,-0.00544
 0.00000212500,-0.00376
 0.00000212600,-0.00544
 0.00000212700,-0.00496
 0.00000212800,-0.00208
 0.00000212900,-0.00400
 0.00000213000,-0.00504
 0.00000213100,-0.00528
 0.00000213200,-0.00544
 0.00000213300,-0.00544
 0.00000213400,0.00216
 0.00000213500,0.01024
 0.00000213600,-0.00544
 0.00000213700,-0.00496
 0.00000213800,0.01168
 0.00000213900,-0.00544
 0.00000214000,-0.00544
 0.00000214100,0.01168
 0.00000214200,-0.00544
 0.00000214300,-0.00544
 0.00000214400,0.00992
 0.00000214500,-0.00480
 0.00000214600,-0.00544
 0.00000214700,0.00632
 0.00000214800,-0.00248
 0.00000214900,-0.00544
 0.00000215000,0.00456
 0.00000215100,-0.00016
 0.00000215200,-0.00544
 0.00000215300,0.00144
 0.00000215400,0.00272
 0.00000215500,-0.00544
 0.00000215600,-0.00240
 0.00000215700,0.00248
 0.00000215800,-0.00368
 0.00000215900,-0.00352
 0.00000216000,0.00184
 0.00000216100,-0.00232
 0.00000216200,-0.00344
 0.00000216300,0.00064
 0.00000216400,-0.00240
 0.00000216500,-0.00400
 0.00000216600,0.00040
 0.00000216700,-0.00128
 0.00000216800,-0.00464
 0.00000216900,-0.00040
 0.00000217000,-0.00024
 0.00000217100,-0.00240
 0.00000217200,0.00024
 0.00000217300,0.00024
 0.00000217400,-0.00424
 0.00000217500,-0.00192
 0.00000217600,-0.00112
 0.00000217700,-0.00248
 0.00000217800,-0.00008
 0.00000217900,-0.00024
 0.00000218000,-0.00200
 0.00000218100,-0.00064
 0.00000218200,-0.00040
 0.00000218300,-0.00352
 0.00000218400,-0.00448
 0.00000218500,-0.00368
 0.00000218600,-0.00520
 0.00000218700,-0.00536
 0.00000218800,-0.00272
 0.00000218900,-0.00520
 0.00000219000,-0.00544
 0.00000219100,-0.00232
 0.00000219200,-0.00544
 0.00000219300,-0.00544
 0.00000219400,-0.00416
 0.00000219500,-0.00456
 0.00000219600,-0.00544
 0.00000219700,-0.00360
 0.00000219800,-0.00400
 0.00000219900,-0.00544
 0.00000220000,-0.00472
 0.00000220100,-0.00264
 0.00000220200,-0.00544
 0.00000220300,-0.00544
 0.00000220400,-0.00488
 0.00000220500,-0.00544
 0.00000220600,-0.00544
 0.00000220700,-0.00544
 0.00000220800,-0.00544
 0.00000220900,-0.00544
 0.00000221000,-0.00544
 0.00000221100,-0.00544
 0.00000221200,-0.00544
 0.00000221300,-0.00544
 0.00000221400,-0.00544
 0.00000221500,-0.00544
 0.00000221600,-0.00544
 0.00000221700,-0.00424
 0.00000221800,-0.00544
 0.00000221900,-0.00544
 0.00000222000,-0.00544
 0.00000222100,-0.00544
 0.00000222200,-0.00488
 0.00000222300,-0.00544
 0.00000222400,-0.00464
 0.00000222500,-0.00504
 0.00000222600,-0.00544
 0.00000222700,-0.00544
 0.00000222800,-0.00416
 0.00000222900,-0.00544
 0.00000223000,-0.00544
 0.00000223100,-0.00544
 0.00000223200,-0.00544
 0.00000223300,-0.00544
 0.00000223400,-0.00464
 0.00000223500,-0.00544
 0.00000223600,-0.00544
 0.00000223700,-0.00544
 0.00000223800,-0.00544
 0.00000223900,-0.00544
 0.00000224000,-0.00544
 0.00000224100,-0.00544
 0.00000224200,-0.00544
 0.00000224300,-0.00456
 0.00000224400,-0.00424
 0.00000224500,-0.00408
 0.00000224600,-0.00464
 0.00000224700,-0.00384
 0.00000224800,-0.00344
 0.00000224900,-0.00416
 0.00000225000,-0.00384
 0.00000225100,-0.00400
 0.00000225200,-0.00504
 0.00000225300,-0.00528
 0.00000225400,-0.00424
 0.00000225500,-0.00208
 0.00000225600,-0.00544
 0.00000225700,-0.00536
 0.00000225800,0.00072
 0.00000225900,-0.00448
 0.00000226000,-0.00520
 0.00000226100,-0.00064
 0.00000226200,-0.00344
 0.00000226300,-0.00504
 0.00000226400,-0.00152
 0.00000226500,-0.00184
 0.00000226600,-0.00312
 0.00000226700,0.00152
 0.00000226800,0.00120
 0.00000226900,-0.00400
 0.00000227000,-0.00240
 0.00000227100,-0.00208
 0.00000227200,-0.00392
 0.00000227300,-0.00192
 0.00000227400,-0.00128
 0.00000227500,-0.00248
 0.00000227600,-0.00320
 0.00000227700,-0.00184
 0.00000227800,-0.00264
 0.00000227900,-0.00408
 0.00000228000,-0.00344
 0.00000228100,-0.00328
 0.00000228200,-0.00240
 0.00000228300,-0.00184
 0.00000228400,-0.00184
 0.00000228500,-0.00080
 0.00000228600,-0.00248
 0.00000228700,-0.00232
 0.00000228800,-0.00008
 0.00000228900,-0.00216
 0.00000229000,-0.00328
 0.00000229100,0.00200
 0.00000229200,-0.00056
 0.00000229300,-0.00432
 0.00000229400,-0.00024
 0.00000229500,-0.00048
 0.00000229600,-0.00288
 0.00000229700,-0.00064
 0.00000229800,0.00048
 0.00000229900,-0.00208
 0.00000230000,-0.00232
 0.00000230100,0.00064
 0.00000230200,-0.00168
 0.00000230300,-0.00096
 0.00000230400,0.00168
 0.00000230500,-0.00256
 0.00000230600,-0.00432
 0.00000230700,-0.00216
 0.00000230800,-0.00104
 0.00000230900,-0.00168
 0.00000231000,-0.00144
 0.00000231100,-0.00088
 0.00000231200,-0.00200
 0.00000231300,-0.00144
 0.00000231400,-0.00040
 0.00000231500,-0.00256
 0.00000231600,-0.00184
 0.00000231700,-0.00104
 0.00000231800,-0.00144
 0.00000231900,-0.00112
 0.00000232000,0.00008
 0.00000232100,0.00176
 0.00000232200,0.00056
 0.00000232300,-0.00336
 0.00000232400,-0.00048
 0.00000232500,-0.00024
 0.00000232600,-0.00432
 0.00000232700,-0.00256
 0.00000232800,-0.00008
 0.00000232900,-0.00360
 0.00000233000,-0.00392
 0.00000233100,0.00048
 0.00000233200,-0.00016
 0.00000233300,-0.00056
 0.00000233400,0.00040
 0.00000233500,-0.00072
 0.00000233600,-0.00112
 0.00000233700,0.00120
 0.00000233800,0.00168
 0.00000233900,0.00032
 0.00000234000,0.00120
 0.00000234100,0.00056
 0.00000234200,0.00016
 0.00000234300,0.00040
 0.00000234400,0.00144
 0.00000234500,0.00240
 0.00000234600,0.00176
 0.00000234700,0.00024
 0.00000234800,-0.00072
 0.00000234900,-0.00024
 0.00000235000,0.00152
 0.00000235100,0.00296
 0.00000235200,0.00144
 0.00000235300,0.00168
 0.00000235400,0.00264
 0.00000235500,0.00296
 0.00000235600,-0.00088
 0.00000235700,0.00048
 0.00000235800,0.00304
 0.00000235900,-0.00360
 0.00000236000,0.00064
 0.00000236100,0.00688
 0.00000236200,-0.00032
 0.00000236300,-0.00184
 0.00000236400,0.00536
 0.00000236500,0.00208
 0.00000236600,-0.00288
 0.00000236700,0.00240
 0.00000236800,0.00120
 0.00000236900,-0.00192
 0.00000237000,0.00232
 0.00000237100,0.00360
 0.00000237200,0.00040
 0.00000237300,0.00384
 0.00000237400,0.00512
 0.00000237500,0.00360
 0.00000237600,0.00384
 0.00000237700,0.00448
 0.00000237800,0.00296
 0.00000237900,0.00248
 0.00000238000,0.00520
 0.00000238100,0.00304
 0.00000238200,0.00096
 0.00000238300,0.00184
 0.00000238400,0.00136
 0.00000238500,0.00088
 0.00000238600,0.00264
 0.00000238700,0.00296
 0.00000238800,0.00264
 0.00000238900,0.00200
 0.00000239000,0.00208
 0.00000239100,0.00664
 0.00000239200,0.00480
 0.00000239300,0.00120
 0.00000239400,0.00344
 0.00000239500,0.00248
 0.00000239600,-0.00064
 0.00000239700,0.00240
 0.00000239800,0.00328
 0.00000239900,0.00064
 0.00000240000,0.00208
 0.00000240100,0.00480
 0.00000240200,0.00368
 0.00000240300,0.00208
 0.00000240400,0.00328
 0.00000240500,0.00320
 0.00000240600,0.00152
 0.00000240700,0.00088
 0.00000240800,0.00272
 0.00000240900,0.00312
 0.00000241000,0.00256
 0.00000241100,0.00424
 0.00000241200,0.00584
 0.00000241300,0.00416
 0.00000241400,0.00232
 0.00000241500,0.00088
 0.00000241600,0.00136
 0.00000241700,0.00256
 0.00000241800,0.00400
 0.00000241900,0.00368
 0.00000242000,0.00216
 0.00000242100,0.00224
 0.00000242200,0.00344
 0.00000242300,0.00136
 0.00000242400,0.00496
 0.00000242500,0.00632
 0.00000242600,0.00208
 0.00000242700,0.00144
 0.00000242800,0.00456
 0.00000242900,0.00416
 0.00000243000,0.00352
 0.00000243100,0.00512
 0.00000243200,0.00584
 0.00000243300,0.00384
 0.00000243400,0.00528
 0.00000243500,0.00520
 0.00000243600,0.00320
 0.00000243700,0.00528
 0.00000243800,0.00736
 0.00000243900,0.00632
 0.00000244000,0.00576
 0.00000244100,0.00584
 0.00000244200,0.00536
 0.00000244300,0.00392
 0.00000244400,0.00576
 0.00000244500,0.00760
 0.00000244600,0.00560
 0.00000244700,0.00560
 0.00000244800,0.00584
 0.00000244900,0.00576
 0.00000245000,0.00672
 0.00000245100,0.00672
 0.00000245200,0.00600
 0.00000245300,0.00776
 0.00000245400,0.00888
 0.00000245500,0.00936
 0.00000245600,0.00640
 0.00000245700,0.00736
 0.00000245800,0.01000
 0.00000245900,0.00520
 0.00000246000,0.00560
 0.00000246100,0.01104
 0.00000246200,0.00944
 0.00000246300,0.00768
 0.00000246400,0.01056
 0.00000246500,0.00928
 0.00000246600,0.00648
 0.00000246700,0.00848
 0.00000246800,0.00936
 0.00000246900,0.00808
 0.00000247000,0.00848
 0.00000247100,0.00856
 0.00000247200,0.00824
 0.00000247300,0.00920
 0.00000247400,0.00816
 0.00000247500,0.00736
 0.00000247600,0.00640
 0.00000247700,0.00792
 0.00000247800,0.01016
 0.00000247900,0.00992
 0.00000248000,0.00976
 0.00000248100,0.01112
 0.00000248200,0.00920
 0.00000248300,0.00992
 0.00000248400,0.01168
 0.00000248500,0.01168
 0.00000248600,0.01168
 0.00000248700,0.01168
 0.00000248800,0.01168
 0.00000248900,0.01168
 0.00000249000,0.01128
 0.00000249100,0.01168
 0.00000249200,0.01168
 0.00000249300,0.01096
 0.00000249400,0.01168
 0.00000249500,0.01168
 0.00000249600,0.01168
 0.00000249700,0.01168
 0.00000249800,0.01168
 0.00000249900,0.01168
 0.00000250000,0.01168
 0.00000250100,0.01168
 0.00000250200,0.01168
 0.00000250300,0.01168
 0.00000250400,0.01168
 0.00000250500,0.01168
 0.00000250600,0.01168
 0.00000250700,0.01168
 0.00000250800,0.01168
 0.00000250900,0.01168
 0.00000251000,0.01168
 0.00000251100,0.01168
 0.00000251200,0.01168
 0.00000251300,0.01168
 0.00000251400,0.01168
 0.00000251500,0.01168
 0.00000251600,0.01168
 0.00000251700,0.01168
 0.00000251800,0.01168
 0.00000251900,0.01168
 0.00000252000,0.01168
 0.00000252100,0.01168
 0.00000252200,0.01168
 0.00000252300,0.01168
 0.00000252400,0.01168
 0.00000252500,0.01168
 0.00000252600,0.01168
 0.00000252700,0.01168
 0.00000252800,0.01168
 0.00000252900,0.01168
 0.00000253000,0.01168
 0.00000253100,0.01168
 0.00000253200,0.01168
 0.00000253300,0.01168
 0.00000253400,0.01168
 0.00000253500,0.01168
 0.00000253600,0.01168
 0.00000253700,0.01168
 0.00000253800,0.01168
 0.00000253900,0.01168
 0.00000254000,0.01168
 0.00000254100,0.01168
 0.00000254200,0.01168
 0.00000254300,0.01168
 0.00000254400,0.01168
 0.00000254500,0.01168
 0.00000254600,0.01168
 0.00000254700,0.01168
 0.00000254800,0.01168
 0.00000254900,0.01168
 0.00000255000,0.01168
 0.00000255100,0.01168
 0.00000255200,0.01168
 0.00000255300,0.01168
 0.00000255400,0.01168
 0.00000255500,0.01168
 0.00000255600,0.01168
 0.00000255700,0.01168
 0.00000255800,0.01168
 0.00000255900,0.01168
 0.00000256000,0.01168
 0.00000256100,0.01168
 0.00000256200,0.01168
 0.00000256300,0.01168
 0.00000256400,0.01168
 0.00000256500,0.01168
 0.00000256600,0.01168
 0.00000256700,0.01168
 0.00000256800,0.01168
 0.00000256900,0.01168
 0.00000257000,0.01168
 0.00000257100,0.01168
 0.00000257200,0.01168
 0.00000257300,0.01168
 0.00000257400,0.01168
 0.00000257500,0.01168
 0.00000257600,0.01168
 0.00000257700,0.01168
 0.00000257800,0.01168
 0.00000257900,0.01168
 0.00000258000,0.01168
 0.00000258100,0.01168
 0.00000258200,0.01168
 0.00000258300,0.01168
 0.00000258400,0.01168
 0.00000258500,0.01168
 0.00000258600,0.01168
 0.00000258700,0.01168
 0.00000258800,0.01168
 0.00000258900,0.01168
 0.00000259000,0.01168
 0.00000259100,0.01168
 0.00000259200,0.01168
 0.00000259300,0.01168
 0.00000259400,0.01168
 0.00000259500,0.01168
 0.00000259600,0.01168
 0.00000259700,0.01168
 0.00000259800,0.01168
 0.00000259900,0.01168
 0.00000260000,0.01168
 0.00000260100,0.01168
 0.00000260200,0.01168
 0.00000260300,0.01168
 0.00000260400,0.01168
 0.00000260500,0.01168
 0.00000260600,0.01168
 0.00000260700,0.01168
 0.00000260800,0.01168
 0.00000260900,0.01168
 0.00000261000,0.01168
 0.00000261100,0.01168
 0.00000261200,0.01168
 0.00000261300,0.01168
 0.00000261400,0.01168
 0.00000261500,0.01168
 0.00000261600,0.01168
 0.00000261700,0.01168
 0.00000261800,0.01168
 0.00000261900,0.01168
 0.00000262000,0.01168
 0.00000262100,0.01168
 0.00000262200,0.01168
 0.00000262300,0.01168
 0.00000262400,0.01168
 0.00000262500,0.01168
 0.00000262600,0.01168
 0.00000262700,0.01168
 0.00000262800,0.01168
 0.00000262900,0.01168
 0.00000263000,0.01168
 0.00000263100,0.01168
 0.00000263200,0.01168
 0.00000263300,0.01168
 0.00000263400,0.01168
 0.00000263500,0.01168
 0.00000263600,0.01168
 0.00000263700,0.01168
 0.00000263800,0.01168
 0.00000263900,0.01168
 0.00000264000,0.01168
 0.00000264100,0.01168
 0.00000264200,0.01168
 0.00000264300,0.01168
 0.00000264400,0.01168
 0.00000264500,0.01168
 0.00000264600,0.01168
 0.00000264700,0.01168
 0.00000264800,0.01168
 0.00000264900,0.01168
 0.00000265000,0.01168
 0.00000265100,0.01168
 0.00000265200,0.01168
 0.00000265300,0.01168
 0.00000265400,0.01168
 0.00000265500,0.01168
 0.00000265600,0.01168
 0.00000265700,0.01168
 0.00000265800,0.01168
 0.00000265900,0.01168
 0.00000266000,0.01168
 0.00000266100,0.01168
 0.00000266200,0.01168
 0.00000266300,0.01168
 0.00000266400,0.01168
 0.00000266500,0.01168
 0.00000266600,0.01168
 0.00000266700,0.01168
 0.00000266800,0.01168
 0.00000266900,0.01168
 0.00000267000,0.01168
 0.00000267100,0.01168
 0.00000267200,0.01168
 0.00000267300,0.01168
 0.00000267400,0.01168
 0.00000267500,0.01168
 0.00000267600,0.01168
 0.00000267700,0.01168
 0.00000267800,0.01168
 0.00000267900,0.01168
 0.00000268000,0.01168
 0.00000268100,0.01168
 0.00000268200,0.01168
 0.00000268300,0.01168
 0.00000268400,0.01168
 0.00000268500,0.01168
 0.00000268600,0.01168
 0.00000268700,0.01168
 0.00000268800,0.01168
 0.00000268900,0.01168
 0.00000269000,0.01168
 0.00000269100,0.01168
 0.00000269200,0.01168
 0.00000269300,0.01168
 0.00000269400,0.01168
 0.00000269500,0.01168
 0.00000269600,0.01168
 0.00000269700,0.01168
 0.00000269800,0.01168
 0.00000269900,0.01168
 0.00000270000,0.01168
 0.00000270100,0.01168
 0.00000270200,0.01168
 0.00000270300,0.01168
 0.00000270400,0.01168
 0.00000270500,0.01168
 0.00000270600,0.01168
 0.00000270700,0.01168
 0.00000270800,0.01168
 0.00000270900,0.01168
 0.00000271000,0.01168
 0.00000271100,0.01168
 0.00000271200,0.01168
 0.00000271300,0.01168
 0.00000271400,0.01168
 0.00000271500,0.01168
 0.00000271600,0.01168
 0.00000271700,0.01168
 0.00000271800,0.01168
 0.00000271900,0.01168
 0.00000272000,0.01168
 0.00000272100,0.01168
 0.00000272200,0.01168
 0.00000272300,0.01168
 0.00000272400,0.01168
 0.00000272500,0.01168
 0.00000272600,0.01168
 0.00000272700,0.01168
 0.00000272800,0.01168
 0.00000272900,0.01168
 0.00000273000,0.01168
 0.00000273100,0.01168
 0.00000273200,0.01168
 0.00000273300,0.01168
 0.00000273400,0.01168
 0.00000273500,0.01168
 0.00000273600,0.01168
 0.00000273700,0.01168
 0.00000273800,0.01168
 0.00000273900,0.01168
 0.00000274000,0.01168
 0.00000274100,0.01168
 0.00000274200,0.01168
 0.00000274300,0.01168
 0.00000274400,0.01168
 0.00000274500,0.01168
 0.00000274600,0.01168
 0.00000274700,0.01168
 0.00000274800,0.01168
 0.00000274900,0.01168
 0.00000275000,0.01168
 0.00000275100,0.01168
 0.00000275200,0.01168
 0.00000275300,0.01168
 0.00000275400,0.01168
 0.00000275500,0.01168
 0.00000275600,0.01168
 0.00000275700,0.01168
 0.00000275800,0.01168
 0.00000275900,0.01168
 0.00000276000,0.01168
 0.00000276100,0.01168
 0.00000276200,0.01168
 0.00000276300,0.01168
 0.00000276400,0.01168
 0.00000276500,0.01168
 0.00000276600,0.01168
 0.00000276700,0.01168
 0.00000276800,0.01168
 0.00000276900,0.01168
 0.00000277000,0.01168
 0.00000277100,0.01168
 0.00000277200,0.01168
 0.00000277300,0.01168
 0.00000277400,0.01168
 0.00000277500,0.01168
 0.00000277600,0.01168
 0.00000277700,0.01168
 0.00000277800,0.01168
 0.00000277900,0.01168
 0.00000278000,0.01168
 0.00000278100,0.01168
 0.00000278200,0.01168
 0.00000278300,0.01168
 0.00000278400,0.01168
 0.00000278500,0.01168
 0.00000278600,0.01168
 0.00000278700,0.01168
 0.00000278800,0.01168
 0.00000278900,0.01168
 0.00000279000,0.01168
 0.00000279100,0.01168
 0.00000279200,0.01168
 0.00000279300,0.01168
 0.00000279400,0.01168
 0.00000279500,0.01168
 0.00000279600,0.01168
 0.00000279700,0.01168
 0.00000279800,0.01168
 0.00000279900,0.01168
